{"type":"View","props":{"zOrder":10,"width":750,"top":0,"right":0,"name":"GameScene","left":0,"height":1334,"bottom":0},"compId":2,"child":[{"type":"Image","props":{"zOrder":10,"width":750,"visible":false,"name":"startUIPanel","height":1670,"centerY":0,"centerX":0},"compId":3,"child":[{"type":"Box","props":{"visible":true,"top":0,"right":0,"name":"startUIBox","left":0,"cacheAs":"bitmap","bottom":0},"compId":6,"child":[{"type":"Image","props":{"y":204,"x":30,"skin":"UI/startUI/coinShow.png","name":"coinShowImg","left":30,"height":63,"centerY":-600},"compId":1212,"child":[{"type":"Label","props":{"width":99,"valign":"middle","text":"10","left":64,"height":60,"fontSize":24,"color":"#fffdfd","centerY":0,"bold":true,"align":"center"},"compId":1215},{"type":"Button","props":{"y":29,"x":188,"stateNum":1,"skin":"UI/startUI/add_video.png","runtime":"script/UIExpand/BtnScaleExpand.ts","name":"addCoinBtn","centerY":0,"anchorY":0.5,"anchorX":0.5},"compId":1443}]},{"type":"Image","props":{"y":0,"x":0,"skin":"UI/startUI/tilibase.png","name":"powerShowimg","left":270,"centerY":-600},"compId":1600,"child":[{"type":"Image","props":{"y":33,"x":10,"skin":"UI/startUI/tilism.png","name":"power","anchorY":0.5,"anchorX":0.5},"compId":1601},{"type":"Button","props":{"y":39,"x":155,"stateNum":1,"skin":"UI/startUI/add_video.png","runtime":"script/UIExpand/BtnScaleExpand.ts","name":"addBtn","centerY":0,"anchorY":0.5,"anchorX":0.5},"compId":1603},{"type":"Label","props":{"y":597,"width":93,"valign":"middle","text":"3/2","name":"powerNum","left":35,"height":60,"fontSize":32,"color":"#fffdfd","centerY":0,"bold":true,"align":"center"},"compId":1604},{"type":"Label","props":{"width":138,"valign":"middle","text":"99:99","name":"time","height":39,"fontSize":32,"color":"#fffdfd","centerY":50,"centerX":0,"bold":false,"align":"center"},"compId":1606},{"type":"Script","props":{"runtime":"script/UI/BasePowerShowingCtrl.ts"},"compId":1607}]},{"type":"Button","props":{"y":335,"x":77,"width":104,"stateNum":1,"skin":"UI/startUI/audioOn.png","runtime":"script/UIExpand/BtnScaleExpand.ts","name":"audioBtn","left":25,"height":104,"centerY":-500,"anchorY":0.5,"anchorX":0.5},"compId":22},{"type":"Button","props":{"y":335,"x":180,"width":90,"visible":false,"stateNum":1,"skin":"UI/startUI/vibrationOff.png","scaleY":1,"scaleX":1,"runtime":"script/UIExpand/BtnScaleExpand.ts","name":"vibrationBtn","left":135,"height":90,"centerY":-500,"anchorY":0.5,"anchorX":0.5},"compId":1445},{"type":"Button","props":{"stateNum":1,"skin":"UI/startUI/startBtn.png","runtime":"script/UIExpand/BtnBreathExpand.ts","pivotY":33,"pivotX":198,"name":"startBtn","centerY":-100,"centerX":0},"compId":7},{"type":"Button","props":{"width":124,"stateNum":1,"skin":"UI/startUI/storeBtn.png","runtime":"script/UIExpand/BtnBreathExpand.ts","name":"storeBtn","height":124,"centerY":70,"centerX":-200,"anchorY":0.5,"anchorX":0.5},"compId":521,"child":[{"type":"Image","props":{"y":-36.5,"x":-8,"skin":"UI/startUI/newSkin.png"},"compId":592}]},{"type":"Button","props":{"width":124,"stateNum":1,"skin":"UI/startUI/taskBtn.png","runtime":"script/UIExpand/BtnScaleExpand.ts","pivotY":62,"pivotX":62,"name":"taskBtn","height":124,"centerY":70,"centerX":0},"compId":1208,"child":[{"type":"Image","props":{"y":0,"x":88,"width":36,"visible":false,"top":0,"skin":"UI/startUI/point.png","right":0,"height":36},"compId":1211}]},{"type":"Button","props":{"width":124,"stateNum":1,"skin":"UI/startUI/turnTable.png","runtime":"script/UIExpand/BtnScaleExpand.ts","pivotY":62,"pivotX":62,"name":"tableBtn","height":124,"centerY":70,"centerX":200},"compId":1209},{"type":"Button","props":{"width":140,"visible":false,"stateNum":1,"skin":"UI/startUI/shareBtn.png","runtime":"script/UIExpand/BtnScaleExpand.ts","pivotY":62,"pivotX":62,"name":"shareBtn","height":140,"centerY":70,"centerX":240},"compId":25},{"type":"Button","props":{"stateNum":1,"skin":"UI/startUI/infinite.png","runtime":"script/UIExpand/BtnBreathExpand.ts","pivotY":52,"pivotX":177,"name":"infiniteStart","centerY":230,"centerX":0},"compId":1446,"child":[{"type":"Image","props":{"top":-40,"skin":"UI/startUI/new.png","scaleY":1.1,"scaleX":1.1,"right":-20,"name":"new"},"compId":1447}]},{"type":"Button","props":{"x":376,"visible":false,"stateNum":1,"skin":"UI/startUI/balance.png","runtime":"script/UIExpand/BtnBreathExpand.ts","pivotY":52,"pivotX":177,"name":"balanceStart","centerY":370,"centerX":0},"compId":1472,"child":[{"type":"Image","props":{"y":-1275,"top":-40,"skin":"UI/startUI/new.png","scaleY":1.1,"scaleX":1.1,"right":-20,"name":"new"},"compId":1473}]},{"type":"Button","props":{"y":1205,"x":375,"visible":true,"stateNum":1,"skin":"UI/startUI/happyball.png","runtime":"script/UIExpand/BtnBreathExpand.ts","name":"FallModel","centerY":370,"centerX":0,"anchorY":0.5,"anchorX":0.5},"compId":1596,"child":[{"type":"Image","props":{"y":-1275,"top":-40,"skin":"UI/startUI/new.png","scaleY":1.1,"scaleX":1.1,"right":-20,"name":"new"},"compId":1597}]}]},{"type":"Script","props":{"runtime":"script/UI/StartUICtrl.ts"},"compId":14}]},{"type":"Image","props":{"zOrder":10,"width":750,"visible":false,"name":"fightUIPanel","height":1670,"centerY":0,"centerX":0},"compId":4,"child":[{"type":"Box","props":{"top":0,"right":0,"name":"fightUIBox","left":0,"bottom":0},"compId":12,"child":[{"type":"Box","props":{"x":0,"width":600,"name":"rewardLvBox","height":140,"centerY":-550,"centerX":0},"compId":642,"child":[{"type":"Image","props":{"width":123,"top":0,"skin":"UI/fightUI/rewardlv.png","name":"logo_rewardlv","height":108,"centerX":0},"compId":644},{"type":"Image","props":{"width":455,"skin":"UI/fightUI/proBot_boss.png","pivotY":13,"pivotX":0,"name":"proBot_reward","height":26,"centerX":0,"bottom":0},"compId":645,"child":[{"type":"Panel","props":{"width":288,"name":"proTop_reward","left":5,"height":16,"centerY":0},"compId":646,"child":[{"type":"Image","props":{"width":445,"skin":"UI/fightUI/proTop_boss.png","pivotY":8,"left":0,"height":16,"centerY":0},"compId":647}]}]}]},{"type":"Box","props":{"x":0,"width":600,"name":"bossLvBox","height":130,"centerY":-550,"centerX":0},"compId":640,"child":[{"type":"Image","props":{"width":94,"top":0,"skin":"UI/fightUI/logo_bosslv.png","name":"logo_bosslv","height":101,"centerX":0},"compId":622},{"type":"Image","props":{"width":455,"skin":"UI/fightUI/proBot_boss.png","pivotY":13,"pivotX":0,"name":"proBot_boss","height":26,"centerX":0,"bottom":0},"compId":623,"child":[{"type":"Panel","props":{"width":288,"name":"proTop_boss","left":5,"height":16,"centerY":0},"compId":624,"child":[{"type":"Image","props":{"width":445,"skin":"UI/fightUI/proTop_boss.png","pivotY":8,"left":0,"height":16,"centerY":0},"compId":625}]}]}]},{"type":"Image","props":{"skin":"UI/fightUI/lvProBot.png","name":"lvProBot","centerY":-495,"centerX":0},"compId":26,"child":[{"type":"Image","props":{"top":0,"skin":"UI/fightUI/lvproTop.png","scaleX":1,"name":"lvProTop","left":0},"compId":30},{"type":"Image","props":{"width":80,"skin":"UI/fightUI/lvBg.png","pivotY":40,"pivotX":40,"name":"currLvBg","left":-76,"height":80,"centerY":0},"compId":27,"child":[{"type":"Label","props":{"width":80,"valign":"middle","text":"13","pivotY":40,"pivotX":40,"height":80,"fontSize":40,"color":"#ffffff","centerY":0,"centerX":0,"bold":true,"align":"center"},"compId":31}]},{"type":"Image","props":{"y":0,"width":80,"skin":"UI/fightUI/lvBg.png","right":-76,"pivotY":40,"pivotX":40,"name":"nextLvBg","height":80,"centerY":0},"compId":29,"child":[{"type":"Label","props":{"width":80,"valign":"middle","text":"14","pivotY":40,"pivotX":40,"height":80,"fontSize":40,"color":"#ffffff","centerY":0,"centerX":0,"bold":true,"align":"center"},"compId":32}]}]},{"type":"Image","props":{"width":48,"skin":"UI/fightUI/ballStateCom.png","sizeGrid":"20,0,20,0","rotation":180,"pivotY":164,"pivotX":24,"name":"ballStateBot","left":50,"height":328,"centerY":0},"compId":454,"child":[{"type":"Panel","props":{"width":32,"top":8,"right":8,"name":"ballStateTop","height":135},"compId":459,"child":[{"type":"Image","props":{"width":32,"top":0,"skin":"UI/fightUI/sdfsa.png","pivotY":156,"pivotX":16,"left":0,"height":312},"compId":460}]}]},{"type":"Box","props":{"width":600,"visible":false,"name":"jcBox","height":170,"centerY":300,"centerX":0},"compId":589,"child":[{"type":"Label","props":{"width":600,"valign":"middle","top":0,"text":"Press and hold","name":"jcTxt1","height":90,"fontSize":50,"color":"#ffffff","centerX":0,"bold":true,"align":"center"},"compId":590},{"type":"Label","props":{"x":0,"width":600,"valign":"middle","text":"Avoid black obstacles","name":"jcTxt2","height":80,"fontSize":40,"color":"#ffffff","centerX":0,"bottom":0,"align":"center"},"compId":591}]},{"type":"Label","props":{"x":175,"width":400,"valign":"middle","text":"9999","name":"scoreLabel","height":100,"fontSize":65,"font":"Helvetica","color":"#4f4f4f","centerY":-440,"centerX":0,"align":"center"},"compId":13},{"type":"Label","props":{"text":"历史最高：999","name":"highestScore","fontSize":40,"font":"Helvetica","color":"#4f4f4f","centerY":-370,"centerX":0},"compId":1448},{"type":"Image","props":{"skin":"UI/fightUI/scoreDelete.png","scaleY":0.8,"scaleX":0.8,"name":"scoreDelete","centerY":-370,"centerX":0},"compId":1459}]},{"type":"Script","props":{"runtime":"script/UI/FightUICtrl.ts"},"compId":18}]},{"type":"Image","props":{"zOrder":30,"width":750,"visible":false,"skin":"UI/bg.png","name":"relifeUIPanel","height":1670,"centerY":0,"centerX":0},"compId":475,"child":[{"type":"Box","props":{"top":0,"right":0,"name":"relifeUIBox","left":0,"bottom":0},"compId":476,"child":[{"type":"Image","props":{"top":0,"sizeGrid":"110,40,40,40","right":0,"name":"relifeBg","left":0,"bottom":0},"compId":580,"child":[{"type":"Image","props":{"skin":"UI/relifeUI/title2.png","name":"title","centerY":-500,"centerX":0},"compId":1293},{"type":"Image","props":{"skin":"UI/relifeUI/cry.png","scaleY":0.9,"scaleX":0.9,"name":"emoji","centerY":-160,"centerX":0},"compId":1432},{"type":"Image","props":{"width":240,"visible":false,"top":200,"skin":"UI/relifeUI/relifeTimeBg.png","name":"relifeTimeBg","height":240,"centerX":0},"compId":581},{"type":"Image","props":{"y":320,"x":295,"width":228,"visible":false,"top":206,"skin":"UI/relifeUI/relifeTime.png","pivotY":114,"pivotX":114,"name":"relifeTime","height":228,"centerX":0},"compId":582},{"type":"Button","props":{"stateNum":1,"skin":"UI/relifeUI/isRelife.png","name":"upBtn1","centerY":120,"centerX":0},"compId":1305,"child":[{"type":"Image","props":{"y":5,"x":3,"skin":"UI/relifeUI/check.png","name":"check"},"compId":1306}]},{"type":"Button","props":{"visible":true,"stateNum":1,"skin":"UI/relifeUI/isNotRelife.png","name":"upBtn2","centerY":120,"centerX":0},"compId":1307,"child":[{"type":"Image","props":{"y":5,"x":3,"skin":"UI/relifeUI/check.png","name":"check"},"compId":1308}]},{"type":"Button","props":{"x":378,"visible":false,"stateNum":1,"skin":"UI/relifeUI/relifeBtn_Ad.png","scaleY":1,"scaleX":1,"runtime":"script/UIExpand/BtnBreathExpand.ts","pivotY":52,"pivotX":177,"name":"mainBtn","centerY":210,"centerX":0},"compId":583},{"type":"Button","props":{"y":1166,"x":376,"visible":false,"stateNum":1,"skin":"UI/relifeUI/closeBtn.png","scaleY":1,"scaleX":1,"runtime":"script/UIExpand/BtnScaleExpand.ts","pivotY":35,"pivotX":120,"name":"skipBtn","centerY":330,"centerX":0},"compId":585},{"type":"Button","props":{"stateNum":1,"skin":"UI/relifeUI/notRelife.png","name":"downBtn1","centerY":310,"centerX":0},"compId":1309},{"type":"Button","props":{"stateNum":1,"skin":"UI/relifeUI/justRelife.png","name":"downBtn2","centerY":310,"centerX":0},"compId":1310},{"type":"Button","props":{"width":298,"visible":false,"top":510,"stateNum":1,"skin":"UI/relifeUI/relifeBtn_Record.png","runtime":"script/UIExpand/BtnBreathExpand.ts","pivotY":52,"pivotX":149,"name":"luPingReleaseBtn","height":104,"centerX":1146},"compId":586},{"type":"Label","props":{"y":200,"x":175,"width":240,"visible":false,"valign":"middle","top":200,"text":"9","name":"timeDownTxt","height":240,"fontSize":90,"color":"#72abf4","centerX":0,"bold":true,"align":"center"},"compId":584}]}]},{"type":"Script","props":{"runtime":"script/UI/RelifeUICtrl.ts"},"compId":489}]},{"type":"Image","props":{"width":750,"visible":false,"skin":"UI/bg.png","name":"passUIPanel","height":1670,"centerY":0,"centerX":0},"compId":15,"child":[{"type":"Box","props":{"top":0,"right":0,"name":"passUIBox","left":0,"bottom":0},"compId":16,"child":[{"type":"Image","props":{"visible":false,"skin":"UI/passUI/finish.png","name":"title","centerY":-500,"centerX":0},"compId":37},{"type":"Image","props":{"skin":"UI/relifeUI/laugh.png","scaleY":0.8,"scaleX":0.8,"name":"emoji","centerY":-108,"centerX":2},"compId":1433},{"type":"Button","props":{"y":335,"x":80,"width":100,"visible":true,"stateNum":1,"skin":"UI/passUI/erturnMain.png","runtime":"script/UIExpand/BtnScaleExpand.ts","pivotY":50,"pivotX":50,"name":"returnMainBtn","left":30,"height":100,"centerY":-500},"compId":20},{"type":"Button","props":{"stateNum":1,"skin":"UI/passUI/nextLv.png","scaleY":0.9,"scaleX":0.9,"pivotY":52,"pivotX":177,"name":"nextLvBtn","centerY":165,"centerX":2},"compId":17},{"type":"Button","props":{"stateNum":1,"skin":"UI/passUI/five_Ad.png","scaleY":0.9,"scaleX":0.9,"runtime":"script/UIExpand/BtnBreathExpand.ts","pivotY":52,"pivotX":177,"name":"getRewardBtn_Ad","centerY":315,"centerX":1},"compId":494},{"type":"Button","props":{"zOrder":10,"x":375,"visible":false,"stateNum":1,"skin":"UI/passUI/share.png","scaleY":0.9,"scaleX":0.9,"pivotY":52,"pivotX":177,"name":"getRewardBtn_LP","centerY":340,"centerX":0},"compId":504,"child":[{"type":"Image","props":{"y":-31,"skin":"UI/passUI/coinTwp.png","right":-50},"compId":1261}]},{"type":"Image","props":{"width":80,"skin":"UI/passUI/coinLogo.png","name":"coin_getHintImg","height":80,"centerY":-360,"centerX":-80},"compId":525,"child":[{"type":"Label","props":{"width":300,"valign":"middle","text":"+300","left":90,"height":80,"fontSize":60,"color":"#ffffff","centerY":0,"bold":true,"align":"left"},"compId":524}]},{"type":"Image","props":{"skin":"UI/passUI/coinShow.png","name":"coinShowImg","left":30,"height":63,"centerY":-600},"compId":533,"child":[{"type":"Label","props":{"width":99,"valign":"middle","text":"10","left":64,"height":60,"fontSize":24,"color":"#fffdfd","centerY":0,"bold":true,"align":"center"},"compId":534},{"type":"Button","props":{"x":188,"stateNum":1,"skin":"UI/startUI/add_video.png","runtime":"script/UIExpand/BtnScaleExpand.ts","name":"addCoinBtn","centerY":0,"anchorY":0.5,"anchorX":0.5},"compId":1444}]},{"type":"Label","props":{"width":500,"valign":"middle","text":"第5关","name":"currLvLabel","height":100,"fontSize":80,"color":"#ffffff","centerY":-474,"centerX":0,"align":"center"},"compId":501},{"type":"Image","props":{"zOrder":20,"x":0,"visible":false,"top":0,"skin":"UI/passUI/Bg9.png","right":0,"name":"rewardSkinPanel","left":0,"bottom":0},"compId":596,"child":[{"type":"Image","props":{"width":590,"top":350,"skin":"UI/bg_di.png","name":"rewardSkinBg","height":720,"centerX":0},"compId":627,"child":[{"type":"Image","props":{"width":218,"top":120,"skin":"UI/passUI/skinSS.png","name":"skinSBg","height":217,"centerX":0},"compId":628},{"type":"Image","props":{"width":103,"top":125,"skin":"SkinUI/ballSkin20.png","scaleY":1.2,"scaleX":1.2,"name":"skinImg","height":147,"centerX":0},"compId":629},{"type":"Label","props":{"width":80,"valign":"bottom","top":290,"text":"x1","name":"numTxt_reward","height":50,"fontSize":50,"color":"#ff1eae","centerX":90,"align":"center"},"compId":630},{"type":"Image","props":{"width":404,"top":370,"skin":"UI/passUI/pro_skin.png","pivotY":22,"name":"proBot_skin","height":44,"centerX":0},"compId":631,"child":[{"type":"Panel","props":{"width":392,"name":"proTop_skin","left":6,"height":32,"centerY":0},"compId":632,"child":[{"type":"Image","props":{"width":392,"top":0,"skin":"UI/passUI/pro_skin1.png","pivotY":16,"left":0,"height":32},"compId":633}]},{"type":"Label","props":{"width":300,"valign":"middle","text":"50/50","name":"proTxt_skin","height":44,"fontSize":30,"color":"#ffffff","centerY":0,"centerX":0,"align":"center"},"compId":634}]},{"type":"Image","props":{"top":460,"skin":"UI/passUI/hint2.png","name":"hint","centerX":0},"compId":635},{"type":"Button","props":{"stateNum":1,"skin":"UI/SuperStartUI/ljsy.png","runtime":"script/UIExpand/BtnBreathExpand.ts","pivotX":268,"name":"btn_try","centerY":209,"centerX":7},"compId":1499},{"type":"Button","props":{"width":268,"stateNum":1,"skin":"UI/passUI/two_Ad.png","runtime":"script/UIExpand/BtnBreathExpand.ts","pivotY":59,"pivotX":134,"name":"mainBtn","height":118,"centerY":341,"centerX":-141},"compId":636},{"type":"Button","props":{"y":660,"x":200,"visible":false,"top":660,"stateNum":1,"skin":"UI/passUI/shuangb.png","name":"doubleBtn","centerX":0,"alpha":0.4},"compId":637,"child":[{"type":"Image","props":{"skin":"UI/passUI/gou.png","left":4.5,"centerY":0},"compId":638}]},{"type":"Button","props":{"stateNum":1,"skin":"UI/passUI/one_P.png","name":"downBtn","centerY":341,"centerX":141},"compId":1441},{"type":"Button","props":{"top":20,"stateNum":1,"skin":"UI/passUI/closeBtn.png","right":20,"name":"closeBtn"},"compId":639},{"type":"Image","props":{"y":20,"x":147.5,"skin":"UI/passUI/conGrats.png"},"compId":1630}]}]},{"type":"Image","props":{"y":0,"x":0,"skin":"UI/startUI/tilibase.png","name":"powerShowimg","left":270,"centerY":-600},"compId":1620,"child":[{"type":"Image","props":{"y":33,"x":10,"skin":"UI/startUI/tilism.png","name":"power","anchorY":0.5,"anchorX":0.5},"compId":1621},{"type":"Button","props":{"y":39,"x":155,"stateNum":1,"skin":"UI/startUI/add_video.png","runtime":"script/UIExpand/BtnScaleExpand.ts","name":"addBtn","centerY":0,"anchorY":0.5,"anchorX":0.5},"compId":1622},{"type":"Label","props":{"y":597,"width":93,"valign":"middle","text":"3/2","name":"powerNum","left":35,"height":60,"fontSize":32,"color":"#fffdfd","centerY":0,"bold":true,"align":"center"},"compId":1623},{"type":"Label","props":{"width":138,"valign":"middle","text":"99:99","name":"time","height":39,"fontSize":32,"color":"#fffdfd","centerY":50,"centerX":0,"bold":false,"align":"center"},"compId":1624},{"type":"Script","props":{"runtime":"script/UI/BasePowerShowingCtrl.ts"},"compId":1625}]}]},{"type":"Script","props":{"runtime":"script/UI/PassUICtrl.ts"},"compId":21}]},{"type":"Image","props":{"zOrder":10,"y":-168,"x":0,"width":750,"visible":false,"skin":"UI/bg.png","name":"overUIPanel","height":1670,"centerY":0,"centerX":0},"compId":5,"child":[{"type":"Box","props":{"top":0,"right":0,"name":"overUIBox","left":0,"bottom":0},"compId":8,"child":[{"type":"Image","props":{"x":216,"skin":"UI/overUI/over.png","name":"overTitle","centerY":-500,"centerX":0},"compId":36},{"type":"Button","props":{"x":80,"width":100,"visible":false,"stateNum":1,"skin":"UI/overUI/erturnMain.png","runtime":"script/UIExpand/BtnScaleExpand.ts","pivotY":50,"pivotX":50,"name":"returnMainBtn","left":30,"height":100,"centerY":-500},"compId":9},{"type":"Image","props":{"skin":"UI/overUI/cry.png","scaleY":0.8,"scaleX":0.8,"name":"emoji","centerY":-140,"centerX":0},"compId":1431},{"type":"Button","props":{"stateNum":1,"skin":"UI/overUI/restart.png","scaleY":0.9,"scaleX":0.9,"pivotY":52,"pivotX":177,"name":"restartBtn","centerY":130,"centerX":0},"compId":10},{"type":"Button","props":{"y":1070,"x":375,"stateNum":1,"skin":"UI/overUI/five_Ad.png","scaleY":0.9,"scaleX":0.9,"runtime":"script/UIExpand/BtnBreathExpand.ts","pivotY":52,"pivotX":177,"name":"ad_getCoinBtn","centerY":235,"centerX":0},"compId":527},{"type":"Button","props":{"zOrder":10,"x":375,"visible":false,"stateNum":1,"skin":"UI/overUI/share.png","scaleY":0.9,"scaleX":0.9,"pivotY":52,"pivotX":177,"name":"luPingReleaseBtn","centerY":340,"centerX":0},"compId":502,"child":[{"type":"Image","props":{"y":-31,"skin":"UI/overUI/coinTwp.png","right":-50},"compId":1259}]},{"type":"Image","props":{"x":0,"width":80,"skin":"UI/overUI/coinLogo.png","name":"coin_getHintImg","height":80,"centerY":-400,"centerX":-70},"compId":529,"child":[{"type":"Label","props":{"width":300,"valign":"middle","text":"+300","left":90,"height":80,"fontSize":60,"color":"#ffffff","centerY":0,"bold":true,"align":"left"},"compId":530}]},{"type":"Image","props":{"width":206,"skin":"UI/overUI/coinShow.png","name":"coinShowImg","left":30,"height":63,"centerY":-600},"compId":531,"child":[{"type":"Label","props":{"width":99,"valign":"middle","text":"10","left":64,"height":60,"fontSize":24,"color":"#fffdfd","centerY":0,"bold":true,"align":"center"},"compId":532},{"type":"Button","props":{"x":188,"stateNum":1,"skin":"UI/overUI/add_video.png","runtime":"script/UIExpand/BtnScaleExpand.ts","name":"addCoinBtn","centerY":0,"anchorY":0.5,"anchorX":0.5},"compId":1442}]},{"type":"Image","props":{"y":0,"x":0,"skin":"UI/startUI/tilibase.png","name":"powerShowimg","left":270,"centerY":-600},"compId":1608,"child":[{"type":"Image","props":{"y":33,"x":10,"skin":"UI/startUI/tilism.png","name":"power","anchorY":0.5,"anchorX":0.5},"compId":1609},{"type":"Button","props":{"y":39,"x":155,"stateNum":1,"skin":"UI/startUI/add_video.png","runtime":"script/UIExpand/BtnScaleExpand.ts","name":"addBtn","centerY":0,"anchorY":0.5,"anchorX":0.5},"compId":1610},{"type":"Label","props":{"y":597,"width":93,"valign":"middle","text":"3/2","name":"powerNum","left":35,"height":60,"fontSize":32,"color":"#fffdfd","centerY":0,"bold":true,"align":"center"},"compId":1611},{"type":"Label","props":{"width":138,"valign":"middle","text":"99:99","name":"time","height":39,"fontSize":32,"color":"#fffdfd","centerY":50,"centerX":0,"bold":false,"align":"center"},"compId":1612},{"type":"Script","props":{"runtime":"script/UI/BasePowerShowingCtrl.ts"},"compId":1613}]}]},{"type":"Script","props":{"runtime":"script/UI/OverUICtrl.ts"},"compId":19}]},{"type":"Image","props":{"y":-168,"x":0,"width":750,"visible":false,"skin":"UI/bg.png","name":"infiniteOverUI","height":1670,"centerY":0,"centerX":0},"compId":1449,"child":[{"type":"Box","props":{"top":0,"right":0,"name":"infiniteOverUIBox","left":0,"bottom":0},"compId":1450,"child":[{"type":"Image","props":{"skin":"UI/overUI/over.png","name":"overTitle","centerY":-450,"centerX":0},"compId":1451},{"type":"Button","props":{"width":100,"stateNum":1,"skin":"UI/overUI/erturnMain.png","name":"returnMainBtn","left":27,"height":100,"centerY":-431},"compId":1452},{"type":"Label","props":{"valign":"middle","text":"9999","name":"score","fontSize":85,"font":"SimHei","color":"#ffffff","centerY":-360,"centerX":0,"bold":true,"align":"center"},"compId":1463},{"type":"Label","props":{"valign":"middle","text":"历史最高：888","name":"highestScore","fontSize":45,"font":"SimHei","color":"#ffffff","centerY":-285,"centerX":-102,"bold":true,"align":"right"},"compId":1464,"child":[{"type":"Label","props":{"valign":"middle","text":"(+777) ","right":-160,"name":"delta","fontSize":45,"font":"SimHei","color":"#f96a6a","centerY":0,"align":"left"},"compId":1467}]},{"type":"Image","props":{"width":50,"skin":"UI/overUI/coinLogo.png","name":"coin","height":50,"centerY":-220,"centerX":-50},"compId":1465,"child":[{"type":"Label","props":{"valign":"middle","text":"+300","right":-110,"name":"coinNum","fontSize":45,"font":"SimHei","color":"#ffffff","centerY":0,"bold":true,"align":"left"},"compId":1466}]},{"type":"Image","props":{"skin":"UI/overUI/rankBg.png","scaleY":0.88,"scaleX":0.88,"name":"rankBg","centerY":53,"centerX":0},"compId":1454,"child":[{"type":"Label","props":{"valign":"middle","text":"Ranking","name":"text1","fontSize":65,"font":"SimHei","color":"#ffffff","centerY":-200,"centerX":0,"bold":true,"align":"center"},"compId":1455},{"type":"Label","props":{"text":"第8888名","name":"rank","fontSize":90,"font":"SimHei","color":"#4dccf1","centerY":-105,"centerX":0,"bold":true},"compId":1469},{"type":"Label","props":{"valign":"middle","text":"exceed","name":"text2","fontSize":65,"font":"SimHei","color":"#ffffff","centerY":5,"centerX":0,"bold":true,"align":"center"},"compId":1456},{"type":"Label","props":{"valign":"middle","text":"99.75%","name":"surpass","fontSize":90,"font":"SimHei","color":"#f8f65f","centerY":95,"centerX":0,"bold":true,"align":"center"},"compId":1470},{"type":"Label","props":{"valign":"middle","text":"other players","name":"text3","fontSize":65,"font":"SimHei","color":"#ffffff","centerY":190,"centerX":0,"bold":true,"align":"center"},"compId":1468}]},{"type":"Button","props":{"width":324,"visible":false,"stateNum":1,"skin":"UI/overUI/share2.png","scaleY":0.9,"scaleX":0.9,"runtime":"script/UIExpand/BtnBreathExpand.ts","pivotY":271,"pivotX":143,"name":"luPingReleaseBtn","height":141,"centerY":500,"centerX":3},"compId":1453,"child":[{"type":"Label","props":{"valign":"middle","text":"+300","name":"coinNum","fontSize":55,"font":"SimHei","color":"#ffffff","centerY":30,"centerX":20,"bold":true,"align":"left"},"compId":1460}]},{"type":"Button","props":{"stateNum":1,"skin":"UI/overUI/again.png","scaleY":0.9,"scaleX":0.9,"pivotY":70.5,"pivotX":162,"name":"restartBtn","centerY":384,"centerX":163},"compId":1457},{"type":"Button","props":{"stateNum":1,"skin":"UI/overUI/bcb.png","scaleY":0.9,"scaleX":0.9,"runtime":"script/UIExpand/BtnBreathExpand.ts","pivotY":70.5,"pivotX":162,"name":"ad_getCoinBtn","centerY":384,"centerX":-163},"compId":1458,"child":[{"type":"Label","props":{"valign":"middle","text":"+300","name":"coinNum","fontSize":55,"font":"SimHei","color":"#ffffff","centerY":30,"centerX":20,"bold":true,"align":"left"},"compId":1462}]},{"type":"Image","props":{"skin":"UI/startUI/tilibase.png","name":"powerShowimg","left":38,"centerY":-582},"compId":1614,"child":[{"type":"Image","props":{"y":33,"x":10,"skin":"UI/startUI/tilism.png","name":"power","anchorY":0.5,"anchorX":0.5},"compId":1615},{"type":"Button","props":{"y":39,"x":155,"stateNum":1,"skin":"UI/startUI/add_video.png","runtime":"script/UIExpand/BtnScaleExpand.ts","name":"addBtn","centerY":0,"anchorY":0.5,"anchorX":0.5},"compId":1616},{"type":"Label","props":{"y":597,"width":93,"valign":"middle","text":"3/2","name":"powerNum","left":35,"height":60,"fontSize":32,"color":"#fffdfd","centerY":0,"bold":true,"align":"center"},"compId":1617},{"type":"Label","props":{"width":138,"valign":"middle","text":"99:99","name":"time","height":39,"fontSize":32,"color":"#fffdfd","centerY":50,"centerX":0,"bold":false,"align":"center"},"compId":1618},{"type":"Script","props":{"runtime":"script/UI/BasePowerShowingCtrl.ts"},"compId":1619}]}]},{"type":"Script","props":{"runtime":"script/UI/InfiniteOverUICtrl.ts"},"compId":1471}]},{"type":"Image","props":{"zOrder":50,"width":750,"visible":false,"skin":"UI/bg.png","name":"storeUIPanel","height":1670,"centerY":0,"centerX":0},"compId":505,"child":[{"type":"Box","props":{"top":0,"right":0,"name":"storeUIBox","left":0,"bottom":0},"compId":506,"child":[{"type":"Image","props":{"width":590,"skin":"UI/Bg_Store.png","name":"storeBg","height":1037,"centerY":-50,"centerX":0},"compId":507,"child":[{"type":"Button","props":{"top":25,"stateNum":1,"skin":"UI/storeUI/closeBtn.png","right":25,"name":"closeBtn"},"compId":509},{"type":"List","props":{"width":530,"top":120,"spaceY":15,"spaceX":25,"repeatY":5,"repeatX":3,"name":"skinList","height":715,"elasticEnabled":true,"centerX":0},"compId":515,"child":[{"type":"Box","props":{"width":160,"renderType":"render","height":160},"compId":514,"child":[{"type":"Image","props":{"top":0,"skin":"UI/storeUI/select.png","right":0,"name":"selectItem","left":0,"bottom":0},"compId":512},{"type":"Image","props":{"top":0,"skin":"UI/storeUI/kuang_has.png","right":0,"name":"skinItem","left":0,"bottom":0},"compId":510},{"type":"Image","props":{"y":125,"x":80,"width":70,"skin":"UI/storeUI/ballShadow.png","pivotY":16,"pivotX":35,"name":"ballShadow","height":32,"centerY":45,"centerX":0},"compId":513},{"type":"Image","props":{"width":103,"skin":"SkinUI/ballSkin1.png","name":"skinImg","height":147,"centerY":-15,"centerX":-1},"compId":511},{"type":"Image","props":{"width":54,"skin":"UI/storeUI/skinLo.png","right":0,"name":"skinSSign","height":36,"bottom":0},"compId":648},{"type":"Image","props":{"y":124,"x":106,"width":54,"skin":"UI/storeUI/skinLo1.png","right":0,"name":"skinTime","height":36,"bottom":0},"compId":667,"child":[{"type":"Label","props":{"width":55,"valign":"middle","text":"限时","height":35,"fontSize":16,"color":"#ffffff","centerY":0,"centerX":0,"align":"center"},"compId":668}]},{"type":"Script","props":{"runtime":"script/UIExpand/SkinItemClick.ts"},"compId":523}]}]},{"type":"Button","props":{"width":268,"stateNum":1,"skin":"UI/storeUI/coin_Store.png","name":"buyBtn","height":118,"centerX":-146,"bottom":50,"anchorY":59,"anchorX":134},"compId":516,"child":[{"type":"Image","props":{"width":50,"skin":"UI/storeUI/coinLogo.png","left":40,"height":50,"centerY":0},"compId":519},{"type":"Label","props":{"width":150,"valign":"middle","text":"10000","name":"coinLabel","left":95,"height":80,"fontSize":50,"color":"#ffffff","centerY":0,"bold":true,"align":"left"},"compId":518}]},{"type":"Button","props":{"y":919,"x":0,"width":268,"stateNum":1,"skin":"UI/storeUI/use_store.png","name":"useBtn","height":118,"centerX":-146,"bottom":50},"compId":520},{"type":"Image","props":{"width":268,"skin":"UI/storeUI/coin_Store.png","name":"speSkinHint","height":118,"disabled":true,"centerX":-146,"bottom":50},"compId":587,"child":[{"type":"Label","props":{"width":268,"valign":"middle","text":"完成 a/50 关","height":118,"fontSize":30,"color":"#ffffff","centerY":0,"centerX":0,"bold":true,"align":"center"},"compId":588}]},{"type":"Button","props":{"width":268,"stateNum":1,"skin":"UI/storeUI/ad_store.png","pivotY":59,"pivotX":134,"name":"otherBtn","height":118,"centerX":146,"bottom":50},"compId":517},{"type":"Button","props":{"y":17,"x":30,"width":150,"stateNum":1,"skin":"UI/storeUI/select.png","name":"getCoin_Test","labelSize":40,"label":"+1000","height":80},"compId":538},{"type":"Image","props":{"y":32,"x":224,"skin":"UI/storeUI/Shop.png"},"compId":1626}]},{"type":"Image","props":{"skin":"UI/storeUI/coinShow.png","name":"coinShowImg","left":30,"height":63,"centerY":-600},"compId":536,"child":[{"type":"Label","props":{"width":99,"valign":"middle","text":"10","left":64,"height":60,"fontSize":24,"color":"#fffdfd","centerY":0,"bold":true,"align":"center"},"compId":537},{"type":"Button","props":{"y":39,"x":188,"stateNum":1,"skin":"UI/startUI/add_video.png","runtime":"script/UIExpand/BtnScaleExpand.ts","name":"addCoinBtn","centerY":0,"anchorY":0.5,"anchorX":0.5},"compId":1599}]}]},{"type":"Script","props":{"runtime":"script/UI/StoreUICtrl.ts"},"compId":522}]},{"type":"Image","props":{"zOrder":20,"width":750,"visible":false,"skin":"UI/bg.png","name":"trySkinUI","height":1670,"centerY":0,"centerX":0},"compId":541,"child":[{"type":"Box","props":{"top":0,"right":0,"name":"skinOnTrialBox","left":0,"bottom":0},"compId":572,"child":[{"type":"Image","props":{"width":590,"skin":"UI/bg_di.png","rotation":0,"name":"skinOnTrialBg","height":720,"centerY":0,"centerX":0},"compId":573,"child":[{"type":"Image","props":{"skin":"UI/trySkinUI/skinBg.png","scaleY":0.9,"scaleX":0.9,"name":"skinBg1","centerY":-70,"centerX":-120},"compId":1316,"child":[{"type":"Image","props":{"y":169,"width":70,"skin":"UI/trySkinUI/ballShadow.png","scaleY":1.2,"scaleX":1.2,"pivotY":16,"pivotX":35,"name":"yinYingImg","height":32,"centerY":20,"centerX":1},"compId":578},{"type":"Image","props":{"width":104,"skin":"SkinUI/ballSkin9.png","rotation":0,"pivotY":74,"pivotX":52,"name":"skinImg","height":148,"centerY":-45,"centerX":0},"compId":574},{"type":"Button","props":{"y":169,"x":-30,"stateNum":1,"skin":"UI/trySkinUI/skinTry.png","scaleY":0.5,"scaleX":0.5,"name":"skinTryBtn1","centerX":0,"bottom":25,"anchorX":0},"compId":1320}]},{"type":"Image","props":{"skin":"UI/trySkinUI/skinBg.png","scaleY":0.9,"scaleX":0.9,"name":"skinBg2","centerY":-70,"centerX":120},"compId":1317,"child":[{"type":"Image","props":{"y":169,"width":70,"skin":"UI/trySkinUI/ballShadow.png","scaleY":1.2,"scaleX":1.2,"pivotY":16,"pivotX":35,"name":"yinYingImg","height":32,"centerY":20,"centerX":1},"compId":1319},{"type":"Image","props":{"width":104,"skin":"SkinUI/ballSkin9.png","rotation":0,"pivotY":74,"pivotX":52,"name":"skinImg","height":148,"centerY":-45,"centerX":0},"compId":1318},{"type":"Button","props":{"stateNum":1,"skin":"UI/trySkinUI/skinTry.png","scaleY":0.5,"scaleX":0.5,"name":"skinTryBtn2","centerX":0,"bottom":25},"compId":1321}]},{"type":"Button","props":{"visible":false,"stateNum":1,"skin":"UI/trySkinUI/hint3.png","name":"upBtn","centerX":0,"bottom":235,"alpha":0.5},"compId":1294,"child":[{"type":"Image","props":{"skin":"UI/trySkinUI/gou.png","name":"check","left":5,"centerY":0},"compId":1296}]},{"type":"Button","props":{"x":295,"width":268,"stateNum":1,"skin":"UI/trySkinUI/ad_store.png","runtime":"script/UIExpand/BtnBreathExpand.ts","pivotY":59,"pivotX":134,"name":"mainBtn","labelSize":40,"centerX":0,"bottom":100},"compId":576},{"type":"Button","props":{"visible":false,"top":25,"stateNum":1,"skin":"UI/trySkinUI/closeBtn.png","right":25,"name":"skipBtn","labelSize":20,"alpha":0.5},"compId":577},{"type":"Button","props":{"stateNum":1,"skin":"UI/trySkinUI/tryBtn_Y.png","name":"downBtn","centerX":0,"bottom":40,"alpha":0.5},"compId":1295},{"type":"Button","props":{"y":513,"x":295,"stateNum":1,"skin":"UI/trySkinUI/start_ad.png","runtime":"script/UIExpand/BtnBreathExpand.ts","pivotY":47,"pivotX":154,"name":"start_ad","centerX":0,"bottom":160},"compId":1436},{"type":"Button","props":{"stateNum":1,"skin":"UI/trySkinUI/start_noVideo.png","name":"start_noAd","centerX":0,"bottom":50},"compId":1437},{"type":"Image","props":{"y":36.5,"x":68,"skin":"UI/trySkinUI/Start Bonus.png"},"compId":1627}]}]},{"type":"Script","props":{"runtime":"script/UI/TrySkinUICtrl.ts"},"compId":1438}]},{"type":"Image","props":{"zOrder":10,"width":750,"visible":false,"skin":"UI/bg.png","name":"boxUIPanel","height":1670,"centerY":0,"centerX":0},"compId":649,"child":[{"type":"Box","props":{"top":0,"right":0,"left":0,"bottom":0},"compId":650,"child":[{"type":"Image","props":{"width":590,"visible":false,"skin":"UI/boxUI/boxBg.png","scaleY":1,"scaleX":1,"pivotY":360,"pivotX":295,"name":"boxBg","height":720,"centerY":0,"centerX":0},"compId":651,"child":[{"type":"Image","props":{"width":235,"top":200,"skin":"UI/boxUI/box.png","name":"boxImg","height":235,"centerX":0},"compId":652},{"type":"Button","props":{"width":268,"top":500,"stateNum":1,"skin":"UI/boxUI/getBtn_Ad_Box.png","runtime":"script/UIExpand/BtnBreathExpand.ts","pivotY":59,"pivotX":134,"name":"openBoxBtn","height":118,"centerX":0},"compId":654},{"type":"Button","props":{"width":80,"top":10,"stateNum":1,"skin":"UI/boxUI/closeBtn.png","right":10,"pivotY":40,"pivotX":40,"name":"closeBtn","height":80},"compId":655}]},{"type":"Image","props":{"y":812,"x":375,"width":590,"visible":false,"skin":"UI/bg_di.png","scaleY":1,"scaleX":1,"pivotY":360,"pivotX":295,"name":"rewardBg","height":720,"centerY":0,"centerX":0},"compId":656,"child":[{"type":"Image","props":{"width":235,"skin":"UI/boxUI/boxContext.png","name":"rewardBotImg","height":235,"centerY":-80,"centerX":0},"compId":657,"child":[{"type":"Label","props":{"width":88,"valign":"middle","text":"200","right":0,"name":"rewardHintTxt","height":43,"fontSize":24,"color":"#ffffff","bottom":0,"align":"center"},"compId":659}]},{"type":"Image","props":{"skin":"UI/boxUI/coinLogo.png","name":"rewardImg","centerY":-80,"centerX":0},"compId":658},{"type":"Button","props":{"width":308,"stateNum":1,"skin":"UI/boxUI/getBtn_R.png","pivotY":47,"pivotX":154,"name":"getRewardBtn","height":94,"centerY":120,"centerX":0},"compId":661},{"type":"Button","props":{"width":308,"stateNum":1,"skin":"UI/boxUI/getBtn_Colse.png","pivotY":47,"pivotX":154,"name":"closeBtn","height":94,"centerY":240,"centerX":0},"compId":662},{"type":"Button","props":{"x":0,"visible":false,"stateNum":1,"skin":"UI/boxUI/shuangb.png","name":"doubleBtn","centerY":310,"centerX":0,"alpha":0.4},"compId":664,"child":[{"type":"Image","props":{"skin":"UI/boxUI/gou.png","name":"checkOnImg","left":4.5,"centerY":0},"compId":665}]},{"type":"Image","props":{"y":33,"x":141,"skin":"UI/passUI/conGrats.png"},"compId":1632}]}]},{"type":"Script","props":{"runtime":"script/UI/RewardUICtrl.ts"},"compId":1430}]},{"type":"Image","props":{"zOrder":20,"width":750,"visible":false,"skin":"UI/bg.png","name":"SuperStartUI","height":1670,"centerY":0,"centerX":0},"compId":1474,"child":[{"type":"Script","props":{"runtime":"script/UI/SuperStartUI.ts"},"compId":1493},{"type":"Image","props":{"skin":"UI/bg_di.png","name":"bg","centerY":0,"centerX":0},"compId":1494,"child":[{"type":"Image","props":{"skin":"UI/SuperStartUI/icon_bg.png","name":"icon_bg","centerY":-50,"centerX":0},"compId":1495,"child":[{"type":"Image","props":{"skin":"UI/SuperStartUI/icon.png","name":"icon","centerY":0,"centerX":0},"compId":1496}]},{"type":"Image","props":{"skin":"UI/SuperStartUI/btn_video.png","name":"btn_video","centerY":182,"centerX":0},"compId":1497},{"type":"Image","props":{"skin":"UI/trySkinUI/start_noVideo.png","name":"btn_close","centerY":305,"centerX":0},"compId":1498},{"type":"Image","props":{"y":82,"x":95.5,"skin":"UI/trySkinUI/Start Bonus.png"},"compId":1628}]}]},{"type":"Image","props":{"zOrder":30,"y":0,"x":0,"width":750,"visible":false,"skin":"UI/bg.png","name":"turnTableUI","height":1670,"centerY":0,"centerX":0},"compId":1147,"child":[{"type":"Box","props":{"top":0,"right":0,"left":0,"bottom":0},"compId":1148,"child":[{"type":"Image","props":{"skin":"UI/Bg_Store.png","pivotY":430,"pivotX":295,"name":"turnTableBg","centerY":-50,"centerX":0},"compId":1149,"child":[{"type":"Button","props":{"width":80,"visible":false,"top":20,"stateNum":1,"skin":"UI/turnTableUI/closeBtn.png","right":20,"pivotY":40,"pivotX":40,"name":"closeBtn","height":80},"compId":1150},{"type":"Image","props":{"x":295,"width":542,"skin":"UI/turnTableUI/tbBg.png","pivotY":271,"pivotX":271,"name":"tableImg","height":542,"centerY":-80,"centerX":0},"compId":1151},{"type":"Image","props":{"x":296,"width":147,"skin":"UI/turnTableUI/pointer.png","pivotY":83,"pivotX":74,"name":"pointer","height":166,"centerY":-80,"centerX":0},"compId":1152},{"type":"Image","props":{"skin":"UI/turnTableUI/2left.png","name":"textImage","centerY":215,"centerX":0},"compId":1313},{"type":"Image","props":{"zOrder":-10,"skin":"UI/turnTableUI/barbg.png","name":"barBg","centerY":270,"centerX":0},"compId":1314,"child":[{"type":"Image","props":{"y":6,"x":6,"skin":"UI/turnTableUI/bar50.png","name":"bar"},"compId":1315}]},{"type":"Button","props":{"stateNum":1,"skin":"UI/turnTableUI/iswatchvideo.png","scaleY":0.9,"scaleX":0.9,"name":"upBtn","centerY":290,"centerX":0},"compId":1311,"child":[{"type":"Image","props":{"y":5,"x":3,"skin":"UI/turnTableUI/check.png","name":"check"},"compId":1312}]},{"type":"Button","props":{"width":298,"stateNum":1,"skin":"UI/turnTableUI/freeturn.png","pivotY":52,"pivotX":149,"name":"mainBtn","height":104,"centerX":0,"bottom":30},"compId":1153},{"type":"Button","props":{"zOrder":10,"visible":false,"stateNum":1,"skin":"UI/turnTableUI/skip.png","name":"skipBtn","centerX":0,"bottom":30},"compId":1300},{"type":"Image","props":{"y":38,"x":169,"skin":"UI/turnTableUI/Lottery.png"},"compId":1629}]}]},{"type":"Script","props":{"runtime":"script/UI/TurnTableUICtrl.ts"},"compId":1154}]},{"type":"Image","props":{"zOrder":30,"width":750,"visible":false,"skin":"UI/bg.png","name":"skinRewardUI","height":1670,"centerY":0,"centerX":0},"compId":1155,"child":[{"type":"Box","props":{"top":0,"right":0,"left":0,"bottom":0},"compId":1156,"child":[{"type":"Image","props":{"width":590,"skin":"UI/boxUI/boxBg.png","name":"skinRewardBg","height":720,"centerY":0,"centerX":0},"compId":1157,"child":[{"type":"Button","props":{"width":80,"top":20,"stateNum":1,"skin":"UI/boxUI/closeBtn.png","right":20,"pivotY":40,"pivotX":40,"name":"closeBtn","height":80},"compId":1158},{"type":"Image","props":{"width":235,"skin":"UI/boxUI/skinBg.png","name":"skinBg","height":235,"centerY":-50,"centerX":0},"compId":1159},{"type":"Image","props":{"width":70,"skin":"UI/trySkinUI/ballShadow.png","scaleY":1.2,"scaleX":1.2,"pivotY":16,"pivotX":35,"name":"yinYingImg","height":32,"centerY":0,"centerX":1},"compId":1322},{"type":"Image","props":{"skin":"SkinUI/ballSkin1.png","name":"skinImg","centerY":-65,"centerX":0},"compId":1161},{"type":"Image","props":{"skin":"UI/boxUI/hint.png","centerY":135,"centerX":0},"compId":1163},{"type":"Button","props":{"width":268,"stateNum":1,"skin":"UI/boxUI/get.png","pivotY":59,"pivotX":134,"name":"getRewardBtn","height":118,"centerX":0,"bottom":40},"compId":1162}]}]},{"type":"Script","props":{"runtime":"script/UI/SkinRewardUICtrl.ts"},"compId":1164}]},{"type":"Image","props":{"zOrder":30,"y":-168,"x":0,"width":750,"visible":false,"skin":"UI/bg.png","name":"signInUI","height":1670,"centerY":0,"centerX":0},"compId":1165,"child":[{"type":"Box","props":{"top":0,"styleSkin":"comp/button.png","right":0,"left":0,"label":"label","bottom":0},"compId":1166,"child":[{"type":"Image","props":{"x":375,"width":590,"skin":"UI/bg_di.png","pivotY":455,"pivotX":295,"name":"signInBg","height":910,"centerY":-80,"centerX":0},"compId":1167,"child":[{"type":"Button","props":{"width":80,"top":20,"stateNum":1,"skin":"UI/signInUI/closeBtn.png","right":20,"pivotY":40,"pivotX":40,"name":"closeBtn","height":80},"compId":1168},{"type":"Box","props":{"width":510,"top":120,"height":615,"centerX":0},"compId":1169,"child":[{"type":"Image","props":{"width":164,"top":0,"skin":"UI/signInUI/day1.png","left":0,"height":192},"compId":1170},{"type":"Image","props":{"y":0,"width":164,"top":0,"skin":"UI/signInUI/day2.png","height":192,"centerX":0},"compId":1171},{"type":"Image","props":{"y":0,"width":164,"top":0,"skin":"UI/signInUI/day3.png","right":0,"height":192},"compId":1172},{"type":"Image","props":{"y":212,"x":0,"width":164,"skin":"UI/signInUI/day4.png","left":0,"height":192,"centerY":0},"compId":1175},{"type":"Image","props":{"width":164,"skin":"UI/signInUI/day5.png","height":192,"centerY":0,"centerX":0},"compId":1173},{"type":"Image","props":{"y":212,"width":164,"skin":"UI/signInUI/day6.png","right":0,"height":192,"centerY":0},"compId":1176},{"type":"Image","props":{"width":512,"skin":"UI/signInUI/day7.png","height":192,"centerX":0,"bottom":0},"compId":1174}]},{"type":"Image","props":{"width":164,"top":120,"skin":"UI/signInUI/dayMask1.png","name":"day1","left":40,"height":192},"compId":1177},{"type":"Image","props":{"x":0,"width":164,"top":120,"skin":"UI/signInUI/dayMask1.png","name":"day2","height":192,"centerX":0},"compId":1178},{"type":"Image","props":{"width":164,"top":120,"skin":"UI/signInUI/dayMask1.png","right":40,"name":"day3","height":192},"compId":1179},{"type":"Image","props":{"width":164,"top":332,"skin":"UI/signInUI/dayMask1.png","name":"day4","left":40,"height":192},"compId":1180},{"type":"Image","props":{"x":0,"width":164,"top":332,"skin":"UI/signInUI/dayMask1.png","name":"day5","height":192,"centerX":0},"compId":1181},{"type":"Image","props":{"width":164,"top":332,"skin":"UI/signInUI/dayMask1.png","right":40,"name":"day6","height":192},"compId":1182},{"type":"Image","props":{"x":0,"width":512,"top":542,"skin":"UI/signInUI/dayMask2.png","name":"day7","height":192,"centerX":0},"compId":1183},{"type":"Button","props":{"width":268,"stateNum":1,"skin":"UI/passUI/two_Ad.png","runtime":"script/UIExpand/BtnBreathExpand.ts","pivotY":59,"pivotX":134,"name":"mainBtn","height":118,"centerX":0,"bottom":45},"compId":1184},{"type":"Button","props":{"width":190,"visible":false,"stateNum":1,"skin":"UI/signInUI/doubleBtn.png","pivotY":21,"pivotX":95,"name":"doubleBtn","height":41,"centerX":0,"bottom":5},"compId":1185,"child":[{"type":"Image","props":{"skin":"UI/signInUI/doubleBtn_G.png","name":"doubleBtn_G","left":5,"centerY":0},"compId":1186}]},{"type":"Button","props":{"y":931,"x":295,"stateNum":1,"skin":"UI/signInUI/getRewardBtn.png","pivotY":59,"pivotX":134,"name":"downBtn","centerX":0,"bottom":-80},"compId":1439},{"type":"Image","props":{"y":15,"x":177,"skin":"UI/signInUI/Sign-in.png"},"compId":1631}]}]},{"type":"Script","props":{"runtime":"script/UI/SignInUICtrl.ts"},"compId":1187}]},{"type":"Image","props":{"zOrder":20,"y":0,"x":0,"width":750,"visible":false,"skin":"UI/bg.png","name":"taskUI","height":1670,"centerY":0,"centerX":0},"compId":1188,"child":[{"type":"Box","props":{"top":0,"right":0,"left":0,"bottom":0},"compId":1189,"child":[{"type":"Image","props":{"width":600,"skin":"UI/taskUI/bg.png","pivotY":405,"pivotX":300,"name":"taskBg","height":810,"centerY":-50,"centerX":0},"compId":1190,"child":[{"type":"Button","props":{"width":80,"top":16,"stateNum":1,"skin":"UI/taskUI/closeBtn.png","right":3,"pivotY":40,"pivotX":40,"name":"closeBtn","height":80},"compId":1191},{"type":"List","props":{"width":552,"spaceY":50,"spaceX":0,"repeatY":5,"repeatX":1,"name":"taskList","height":650,"elasticEnabled":true,"centerX":0,"bottom":35},"compId":1206,"child":[{"type":"Box","props":{"y":0,"x":0,"width":552,"renderType":"render","height":122},"compId":1193,"child":[{"type":"Image","props":{"y":0,"x":0,"width":552,"skin":"UI/taskUI/task1.png","name":"taskItem","height":122},"compId":1192},{"type":"Button","props":{"width":116,"stateNum":1,"skin":"UI/taskUI/get.png","right":20,"pivotY":27,"pivotX":58,"name":"getRewardBtn","height":54,"centerY":0},"compId":1194,"child":[{"type":"Script","props":{"runtime":"script/UIExpand/TaskBtnExpand.ts"},"compId":1210}]},{"type":"Image","props":{"width":285,"skin":"UI/taskUI/taskProBot.png","pivotY":22,"name":"taskProBot","left":20,"height":44,"bottom":15},"compId":1195},{"type":"Panel","props":{"y":90,"x":279,"width":273,"name":"taskProTop","left":26,"height":32,"bottom":21},"compId":1204,"child":[{"type":"Image","props":{"width":273,"skin":"UI/taskUI/taskProTop.png","pivotY":16,"name":"taskProTop","left":0,"height":32,"centerY":0},"compId":1203}]},{"type":"Label","props":{"width":250,"valign":"middle","text":"3/8","name":"taskProTxt","left":37,"height":32,"fontSize":20,"color":"#ffffff","bottom":21,"align":"center"},"compId":1205}]}]},{"type":"Image","props":{"y":23.5,"x":101,"skin":"UI/taskUI/Daily Tasks.png"},"compId":1633}]}]},{"type":"Script","props":{"runtime":"script/UI/TaskUICtrl.ts"},"compId":1207}]},{"type":"Image","props":{"zOrder":30,"width":750,"visible":false,"skin":"UI/bg.png","name":"highEnergyUI","height":1670,"centerY":-1,"centerX":0},"compId":1234,"child":[{"type":"Box","props":{"top":0,"right":0,"left":0,"bottom":0},"compId":1235,"child":[{"type":"Image","props":{"skin":"UI/highEnergyUI/title.png","name":"title","centerY":-450,"centerX":0},"compId":1236},{"type":"Image","props":{"width":440,"skin":"UI/highEnergyUI/video.png","scaleY":1.15,"scaleX":1.15,"height":305,"centerY":-145,"centerX":0},"compId":1244},{"type":"Image","props":{"width":521,"skin":"UI/highEnergyUI/videoBox.png","name":"videoBox","height":433,"centerY":-110,"centerX":0},"compId":1237},{"type":"Image","props":{"skin":"UI/highEnergyUI/run.png","name":"runImg","centerY":-145,"centerX":0},"compId":1238},{"type":"Button","props":{"stateNum":1,"skin":"UI/highEnergyUI/checkBtn.png","name":"checkBtn","centerY":70,"centerX":-220},"compId":1239,"child":[{"type":"Image","props":{"skin":"UI/highEnergyUI/check.png","centerY":0,"centerX":0},"compId":1240}]},{"type":"Image","props":{"skin":"UI/highEnergyUI/coin.png","name":"coinImg","centerY":70,"centerX":-140},"compId":1241},{"type":"Button","props":{"width":288,"stateNum":1,"skin":"UI/highEnergyUI/shareBtn.png","pivotY":59,"pivotX":144,"name":"shareBtn","height":118,"centerY":200,"centerX":0},"compId":1242},{"type":"Button","props":{"stateNum":1,"skin":"UI/highEnergyUI/closeBtn.png","name":"closeBtn","centerY":400,"centerX":0},"compId":1243}]},{"type":"Script","props":{"runtime":"script/UI/HighEnergyUICtrl.ts"},"compId":1245}]},{"type":"Image","props":{"zOrder":30,"width":750,"visible":false,"skin":"UI/limitSkinUI/bg.png","name":"limitSkinUI","height":1670,"centerY":-1,"centerX":0},"compId":1219,"child":[{"type":"Box","props":{"top":-1,"styleSkin":"comp/image.png","right":0,"left":0,"bottom":0},"compId":1220,"child":[{"type":"Button","props":{"y":206,"width":55,"stateNum":1,"skin":"UI/limitSkinUI/backBtn.png","pivotY":26,"pivotX":28,"name":"closeBtn","left":30,"height":52,"centerY":-550},"compId":1221},{"type":"Image","props":{"y":306,"width":536,"skin":"UI/limitSkinUI/title.png","pivotY":44,"pivotX":268,"name":"title","height":87,"centerY":-450,"centerX":0},"compId":1222},{"type":"Image","props":{"y":426,"width":255,"skin":"UI/limitSkinUI/hint2.png","pivotY":19,"pivotX":128,"name":"hint1","height":38,"centerY":-330,"centerX":0},"compId":1223},{"type":"Image","props":{"y":392,"skin":"UI/limitSkinUI/light.png","name":"light","centerY":-100,"centerX":0},"compId":1224},{"type":"Image","props":{"y":691,"width":472,"skin":"UI/limitSkinUI/table.png","pivotY":105,"pivotX":236,"name":"table","height":210,"centerY":-65,"centerX":70},"compId":1225},{"type":"Image","props":{"y":956,"width":750,"skin":"UI/limitSkinUI/hint.png","pivotY":50,"pivotX":375,"name":"hint2","height":100,"centerY":200,"centerX":0},"compId":1227},{"type":"Image","props":{"y":976,"width":92,"skin":"UI/limitSkinUI/proTop.png","pivotY":14,"pivotX":46,"name":"pro1","height":28,"centerY":220,"centerX":-100},"compId":1228},{"type":"Image","props":{"y":976,"x":0,"width":92,"skin":"UI/limitSkinUI/proBot.png","pivotY":14,"pivotX":46,"name":"pro2","height":28,"centerY":220,"centerX":0},"compId":1229},{"type":"Image","props":{"y":976,"width":92,"skin":"UI/limitSkinUI/proBot.png","pivotY":14,"pivotX":46,"name":"pro3","height":28,"centerY":220,"centerX":100},"compId":1230},{"type":"Button","props":{"width":268,"stateNum":1,"skin":"UI/limitSkinUI/adBtn.png","scaleY":0.9,"runtime":"script/UIExpand/BtnBreathExpand.ts","pivotY":59,"pivotX":134,"name":"getSkinBtn_Ad","height":118,"centerY":350,"centerX":-150},"compId":1231},{"type":"Button","props":{"stateNum":1,"skin":"UI/limitSkinUI/cancel.png","scaleY":0.97,"scaleX":0.9,"name":"cancel","centerY":350,"centerX":150},"compId":1440},{"type":"Image","props":{"y":582,"x":325,"skin":"SkinUI/ballSkin13.png","name":"skinImg","centerY":-100,"centerX":0},"compId":1226}]},{"type":"Script","props":{"runtime":"script/UI/LimitSkinUICtrl.ts"},"compId":1233}]},{"type":"Image","props":{"zOrder":30,"y":0,"x":0,"width":750,"visible":false,"skin":"UI/bg.png","name":"giftUI","height":1670,"centerY":0,"centerX":0},"compId":1246,"child":[{"type":"Box","props":{"top":0,"right":0,"left":0,"bottom":0},"compId":1247,"child":[{"type":"Image","props":{"y":0,"x":0,"top":0,"skin":"UI/bg.png","right":0,"left":0,"bottom":0},"compId":1146},{"type":"Button","props":{"width":70,"stateNum":1,"skin":"UI/giftUI/closeBtn.png","pivotY":24,"pivotX":35,"name":"closeBtn","left":30,"height":48,"centerY":-600,"alpha":0.5},"compId":1141},{"type":"Image","props":{"width":382,"skin":"UI/giftUI/title.png","name":"title","height":112,"centerY":-450,"centerX":0},"compId":1250},{"type":"Image","props":{"skin":"UI/giftUI/boxBot.png","name":"boxBot","centerY":0,"centerX":0},"compId":1251},{"type":"Image","props":{"skin":"UI/giftUI/boxTop.png","name":"boxTop","centerY":-170,"centerX":-185},"compId":1132},{"type":"Image","props":{"skin":"UI/giftUI/coin.png","name":"coin","centerY":-90,"centerX":0},"compId":1252},{"type":"Image","props":{"width":445,"skin":"UI/giftUI/proBot.png","pivotY":22,"name":"proBot","height":44,"centerY":200,"centerX":0},"compId":1253,"child":[{"type":"Panel","props":{"width":433,"name":"proTop","left":6,"height":32,"centerY":0},"compId":1136,"child":[{"type":"Image","props":{"width":433,"skin":"UI/giftUI/proTop.png","pivotY":16,"left":0,"height":32,"centerY":0},"compId":1254}]}]},{"type":"Button","props":{"width":268,"stateNum":1,"skin":"UI/giftUI/clickBtn.png","pivotY":59,"pivotX":134,"name":"clickBtn","height":118,"centerY":320,"centerX":0},"compId":1137},{"type":"Button","props":{"width":243,"stateNum":1,"skin":"UI/giftUI/checkBtn.png","pivotY":14,"pivotX":122,"name":"checkBtn","height":28,"centerY":600,"centerX":0,"alpha":0.5},"compId":1138,"child":[{"type":"Image","props":{"skin":"UI/giftUI/check.png","left":5,"centerY":0},"compId":1140}]},{"type":"Button","props":{"width":268,"stateNum":1,"skin":"UI/giftUI/getBtn.png","pivotY":59,"pivotX":134,"name":"getBtn","height":118,"centerY":320,"centerX":0},"compId":1255}]},{"type":"Script","props":{"runtime":"script/UI/GiftUICtrl.ts"},"compId":1256}]},{"type":"Image","props":{"zOrder":30,"y":0,"x":0,"width":750,"visible":false,"skin":"comp/image.png","name":"goldEggUI","height":1670,"centerY":0,"centerX":0},"compId":1361,"child":[{"type":"Box","props":{"top":0,"right":0,"name":"Box","left":0,"bottom":0,"bgColor":"#000000"},"compId":1362,"child":[{"type":"Image","props":{"top":0,"skin":"UI/bg.png","right":0,"pivotY":430,"pivotX":295,"name":"bg","left":0,"bottom":0},"compId":1363,"child":[{"type":"Image","props":{"skin":"UI/goldEggUI/goldEggBg.png","name":"goldEggBg","centerY":-80,"centerX":0},"compId":1364,"child":[{"type":"Image","props":{"skin":"UI/goldEggUI/egg.png","name":"egg","centerY":-100,"centerX":-10},"compId":1365,"child":[{"type":"Image","props":{"skin":"UI/goldEggUI/hammer.png","name":"hammer","centerY":-80,"centerX":120},"compId":1366}]},{"type":"Image","props":{"skin":"UI/goldEggUI/barBg.png","name":"proBot","centerY":100,"centerX":0},"compId":1367,"child":[{"type":"Panel","props":{"y":6,"x":5,"width":390,"name":"proTop"},"compId":1368,"child":[{"type":"Image","props":{"skin":"UI/goldEggUI/bar.png"},"compId":1369}]}]},{"type":"Image","props":{"skin":"UI/goldEggUI/theQuickerTheMore.png","name":"textImage","centerY":150,"centerX":0},"compId":1370},{"type":"Button","props":{"y":620,"x":295,"stateNum":1,"skin":"UI/goldEggUI/breakEgg.png","runtime":"script/UIExpand/BtnBreathExpand.ts","pivotY":59,"pivotX":134,"name":"breakEggBtn","centerY":240,"centerX":0},"compId":1371,"child":[{"type":"Button","props":{"y":59,"x":134,"visible":true,"stateNum":1,"skin":"UI/goldEggUI/videoReward.png","pivotY":59,"pivotX":134,"name":"videoRewardBtn","centerY":0,"centerX":0},"compId":1372}]},{"type":"Button","props":{"width":268,"stateNum":1,"skin":"UI/turnTableUI/skip.png","name":"closeBtn","centerX":0,"bottom":-42},"compId":1373}]}]}]},{"type":"Script","props":{"y":0,"x":0,"runtime":"script/UI/GoldEggUICtrl.ts"},"compId":1354}]},{"type":"Image","props":{"zOrder":50,"y":667,"x":375,"width":750,"visible":false,"skin":"UI/bg.png","name":"LuckyBoxUI","height":1670,"centerY":0,"centerX":0,"anchorY":0.5,"anchorX":0.5},"compId":1500,"child":[{"type":"Image","props":{"x":80,"skin":"UI/LuckyBoxUI/bg.png","name":"bg","centerY":-86,"centerX":0},"compId":1501,"child":[{"type":"Image","props":{"y":45,"skin":"UI/LuckyBoxUI/title.png","name":"title","centerX":0},"compId":46},{"type":"Image","props":{"y":157,"x":39,"width":512,"name":"nineBox","height":596},"compId":79,"child":[{"type":"Image","props":{"width":164,"skin":"UI/LuckyBoxUI/box_bg.png","name":"box1","height":192,"centerY":-202,"centerX":-174},"compId":1506,"child":[{"type":"Image","props":{"y":120,"skin":"UI/LuckyBoxUI/box_close.png","scaleY":1,"scaleX":1,"name":"close","centerY":0,"centerX":0,"anchorY":0.5,"anchorX":0.5},"compId":1507},{"type":"Image","props":{"y":-45,"x":-59,"name":"open","centerY":0,"centerX":0},"compId":1508,"child":[{"type":"Image","props":{"y":-31,"x":-31,"skin":"UI/LuckyBoxUI/coin.png","name":"coin","centerY":0,"centerX":0},"compId":1509},{"type":"FontClip","props":{"y":43,"x":-26,"value":"50","skin":"UI/LuckyBoxUI/num.png","sheet":"0123456789","name":"num","centerY":60,"centerX":0},"compId":1510}]},{"type":"Image","props":{"name":"bigReward","centerY":0,"centerX":0},"compId":1511,"child":[{"type":"Image","props":{"skin":"UI/LuckyBoxUI/ballSkin9.png","name":"icon","centerY":-23,"centerX":0},"compId":1512},{"type":"Image","props":{"skin":"UI/LuckyBoxUI/xianding.png","scaleY":0.7,"scaleX":0.7,"name":"info","centerY":66,"centerX":0},"compId":1513}]},{"type":"Image","props":{"skin":"UI/LuckyBoxUI/vedioIcon.png","name":"video","centerY":0,"centerX":0},"compId":1514}]},{"type":"Image","props":{"width":164,"skin":"UI/LuckyBoxUI/box_bg.png","name":"box2","height":192,"centerY":-202,"centerX":0},"compId":92,"child":[{"type":"Image","props":{"y":120,"skin":"UI/LuckyBoxUI/box_close.png","scaleY":1,"scaleX":1,"name":"close","centerY":0,"centerX":0,"anchorY":0.5,"anchorX":0.5},"compId":93},{"type":"Image","props":{"y":-45,"x":-59,"name":"open","centerY":0,"centerX":0},"compId":94,"child":[{"type":"Image","props":{"y":-31,"x":-31,"skin":"UI/LuckyBoxUI/coin.png","name":"coin","centerY":0,"centerX":0},"compId":95},{"type":"FontClip","props":{"y":43,"x":-26,"value":"50","skin":"UI/LuckyBoxUI/num.png","sheet":"0123456789","name":"num","centerY":60,"centerX":0},"compId":96}]},{"type":"Image","props":{"name":"bigReward","centerY":0,"centerX":0},"compId":1502,"child":[{"type":"Image","props":{"skin":"UI/LuckyBoxUI/ballSkin9.png","name":"icon","centerY":-23,"centerX":0},"compId":1503},{"type":"Image","props":{"skin":"UI/LuckyBoxUI/xianding.png","scaleY":0.8,"scaleX":0.8,"name":"info","centerY":66,"centerX":0},"compId":1505}]},{"type":"Image","props":{"skin":"UI/LuckyBoxUI/vedioIcon.png","name":"video","centerY":0,"centerX":0},"compId":97}]},{"type":"Image","props":{"width":164,"skin":"UI/LuckyBoxUI/box_bg.png","name":"box3","height":192,"centerY":-202,"centerX":174},"compId":1515,"child":[{"type":"Image","props":{"y":120,"skin":"UI/LuckyBoxUI/box_close.png","scaleY":1,"scaleX":1,"name":"close","centerY":0,"centerX":0,"anchorY":0.5,"anchorX":0.5},"compId":1516},{"type":"Image","props":{"y":-45,"x":-59,"name":"open","centerY":0,"centerX":0},"compId":1517,"child":[{"type":"Image","props":{"y":-31,"x":-31,"skin":"UI/LuckyBoxUI/coin.png","name":"coin","centerY":0,"centerX":0},"compId":1518},{"type":"FontClip","props":{"y":43,"x":-26,"value":"50","skin":"UI/LuckyBoxUI/num.png","sheet":"0123456789","name":"num","centerY":60,"centerX":0},"compId":1519}]},{"type":"Image","props":{"name":"bigReward","centerY":0,"centerX":0},"compId":1520,"child":[{"type":"Image","props":{"skin":"UI/LuckyBoxUI/ballSkin9.png","name":"icon","centerY":-23,"centerX":0},"compId":1521},{"type":"Image","props":{"skin":"UI/LuckyBoxUI/xianding.png","scaleY":0.7,"scaleX":0.7,"name":"info","centerY":66,"centerX":0},"compId":1522}]},{"type":"Image","props":{"skin":"UI/LuckyBoxUI/vedioIcon.png","name":"video","centerY":0,"centerX":0},"compId":1523}]},{"type":"Image","props":{"y":0,"width":164,"skin":"UI/LuckyBoxUI/box_bg.png","name":"box4","height":192,"centerY":0,"centerX":-174},"compId":1524,"child":[{"type":"Image","props":{"y":120,"skin":"UI/LuckyBoxUI/box_close.png","scaleY":1,"scaleX":1,"name":"close","centerY":0,"centerX":0,"anchorY":0.5,"anchorX":0.5},"compId":1525},{"type":"Image","props":{"y":-45,"x":-59,"name":"open","centerY":0,"centerX":0},"compId":1526,"child":[{"type":"Image","props":{"y":-31,"x":-31,"skin":"UI/LuckyBoxUI/coin.png","name":"coin","centerY":0,"centerX":0},"compId":1527},{"type":"FontClip","props":{"y":43,"x":-26,"value":"50","skin":"UI/LuckyBoxUI/num.png","sheet":"0123456789","name":"num","centerY":60,"centerX":0},"compId":1528}]},{"type":"Image","props":{"name":"bigReward","centerY":0,"centerX":0},"compId":1529,"child":[{"type":"Image","props":{"skin":"UI/LuckyBoxUI/ballSkin9.png","name":"icon","centerY":-23,"centerX":0},"compId":1530},{"type":"Image","props":{"skin":"UI/LuckyBoxUI/xianding.png","scaleY":0.7,"scaleX":0.7,"name":"info","centerY":66,"centerX":0},"compId":1531}]},{"type":"Image","props":{"skin":"UI/LuckyBoxUI/vedioIcon.png","name":"video","centerY":0,"centerX":0},"compId":1532}]},{"type":"Image","props":{"y":0,"x":0,"width":164,"skin":"UI/LuckyBoxUI/box_bg.png","name":"box5","height":192,"centerY":0,"centerX":0},"compId":1533,"child":[{"type":"Image","props":{"y":120,"skin":"UI/LuckyBoxUI/box_close.png","scaleY":1,"scaleX":1,"name":"close","centerY":0,"centerX":0,"anchorY":0.5,"anchorX":0.5},"compId":1534},{"type":"Image","props":{"y":-45,"x":-59,"name":"open","centerY":0,"centerX":0},"compId":1535,"child":[{"type":"Image","props":{"y":-31,"x":-31,"skin":"UI/LuckyBoxUI/coin.png","name":"coin","centerY":0,"centerX":0},"compId":1536},{"type":"FontClip","props":{"y":43,"x":-26,"value":"50","skin":"UI/LuckyBoxUI/num.png","sheet":"0123456789","name":"num","centerY":60,"centerX":0},"compId":1537}]},{"type":"Image","props":{"name":"bigReward","centerY":0,"centerX":0},"compId":1538,"child":[{"type":"Image","props":{"skin":"UI/LuckyBoxUI/ballSkin9.png","name":"icon","centerY":-23,"centerX":0},"compId":1539},{"type":"Image","props":{"skin":"UI/LuckyBoxUI/xianding.png","scaleY":0.7,"scaleX":0.7,"name":"info","centerY":66,"centerX":0},"compId":1540}]},{"type":"Image","props":{"skin":"UI/LuckyBoxUI/vedioIcon.png","name":"video","centerY":0,"centerX":0},"compId":1541}]},{"type":"Image","props":{"y":0,"width":164,"skin":"UI/LuckyBoxUI/box_bg.png","name":"box6","height":192,"centerY":0,"centerX":174},"compId":1542,"child":[{"type":"Image","props":{"y":120,"skin":"UI/LuckyBoxUI/box_close.png","scaleY":1,"scaleX":1,"name":"close","centerY":0,"centerX":0,"anchorY":0.5,"anchorX":0.5},"compId":1543},{"type":"Image","props":{"y":-45,"x":-59,"name":"open","centerY":0,"centerX":0},"compId":1544,"child":[{"type":"Image","props":{"y":-31,"x":-31,"skin":"UI/LuckyBoxUI/coin.png","name":"coin","centerY":0,"centerX":0},"compId":1545},{"type":"FontClip","props":{"y":43,"x":-26,"value":"50","skin":"UI/LuckyBoxUI/num.png","sheet":"0123456789","name":"num","centerY":60,"centerX":0},"compId":1546}]},{"type":"Image","props":{"name":"bigReward","centerY":0,"centerX":0},"compId":1547,"child":[{"type":"Image","props":{"skin":"UI/LuckyBoxUI/ballSkin9.png","name":"icon","centerY":-23,"centerX":0},"compId":1548},{"type":"Image","props":{"skin":"UI/LuckyBoxUI/xianding.png","scaleY":0.7,"scaleX":0.7,"name":"info","centerY":66,"centerX":0},"compId":1549}]},{"type":"Image","props":{"skin":"UI/LuckyBoxUI/vedioIcon.png","name":"video","centerY":0,"centerX":0},"compId":1550}]},{"type":"Image","props":{"width":164,"skin":"UI/LuckyBoxUI/box_bg.png","name":"box7","height":192,"centerY":202,"centerX":-174},"compId":1569,"child":[{"type":"Image","props":{"y":120,"skin":"UI/LuckyBoxUI/box_close.png","scaleY":1,"scaleX":1,"name":"close","centerY":0,"centerX":0,"anchorY":0.5,"anchorX":0.5},"compId":1570},{"type":"Image","props":{"y":-45,"x":-59,"name":"open","centerY":0,"centerX":0},"compId":1571,"child":[{"type":"Image","props":{"y":-31,"x":-31,"skin":"UI/LuckyBoxUI/coin.png","name":"coin","centerY":0,"centerX":0},"compId":1572},{"type":"FontClip","props":{"y":43,"x":-26,"value":"50","skin":"UI/LuckyBoxUI/num.png","sheet":"0123456789","name":"num","centerY":60,"centerX":0},"compId":1573}]},{"type":"Image","props":{"name":"bigReward","centerY":0,"centerX":0},"compId":1574,"child":[{"type":"Image","props":{"skin":"UI/LuckyBoxUI/ballSkin9.png","name":"icon","centerY":-23,"centerX":0},"compId":1575},{"type":"Image","props":{"skin":"UI/LuckyBoxUI/xianding.png","scaleY":0.7,"scaleX":0.7,"name":"info","centerY":66,"centerX":0},"compId":1576}]},{"type":"Image","props":{"skin":"UI/LuckyBoxUI/vedioIcon.png","name":"video","centerY":0,"centerX":0},"compId":1577}]},{"type":"Image","props":{"x":0,"width":164,"skin":"UI/LuckyBoxUI/box_bg.png","name":"box8","height":192,"centerY":202,"centerX":0},"compId":1578,"child":[{"type":"Image","props":{"y":120,"skin":"UI/LuckyBoxUI/box_close.png","scaleY":1,"scaleX":1,"name":"close","centerY":0,"centerX":0,"anchorY":0.5,"anchorX":0.5},"compId":1579},{"type":"Image","props":{"y":-45,"x":-59,"name":"open","centerY":0,"centerX":0},"compId":1580,"child":[{"type":"Image","props":{"y":-31,"x":-31,"skin":"UI/LuckyBoxUI/coin.png","name":"coin","centerY":0,"centerX":0},"compId":1581},{"type":"FontClip","props":{"y":43,"x":-26,"value":"50","skin":"UI/LuckyBoxUI/num.png","sheet":"0123456789","name":"num","centerY":60,"centerX":0},"compId":1582}]},{"type":"Image","props":{"name":"bigReward","centerY":0,"centerX":0},"compId":1583,"child":[{"type":"Image","props":{"skin":"UI/LuckyBoxUI/ballSkin9.png","name":"icon","centerY":-23,"centerX":0},"compId":1584},{"type":"Image","props":{"skin":"UI/LuckyBoxUI/xianding.png","scaleY":0.7,"scaleX":0.7,"name":"info","centerY":66,"centerX":0},"compId":1585}]},{"type":"Image","props":{"skin":"UI/LuckyBoxUI/vedioIcon.png","name":"video","centerY":0,"centerX":0},"compId":1586}]},{"type":"Image","props":{"width":164,"skin":"UI/LuckyBoxUI/box_bg.png","name":"box9","height":192,"centerY":202,"centerX":174},"compId":1587,"child":[{"type":"Image","props":{"y":120,"skin":"UI/LuckyBoxUI/box_close.png","scaleY":1,"scaleX":1,"name":"close","centerY":0,"centerX":0,"anchorY":0.5,"anchorX":0.5},"compId":1588},{"type":"Image","props":{"y":-45,"x":-59,"name":"open","centerY":0,"centerX":0},"compId":1589,"child":[{"type":"Image","props":{"y":-31,"x":-31,"skin":"UI/LuckyBoxUI/coin.png","name":"coin","centerY":0,"centerX":0},"compId":1590},{"type":"FontClip","props":{"y":43,"x":-26,"value":"50","skin":"UI/LuckyBoxUI/num.png","sheet":"0123456789","name":"num","centerY":60,"centerX":0},"compId":1591}]},{"type":"Image","props":{"name":"bigReward","centerY":0,"centerX":0},"compId":1592,"child":[{"type":"Image","props":{"skin":"UI/LuckyBoxUI/ballSkin9.png","name":"icon","centerY":-23,"centerX":0},"compId":1593},{"type":"Image","props":{"skin":"UI/LuckyBoxUI/xianding.png","scaleY":0.7,"scaleX":0.7,"name":"info","centerY":66,"centerX":0},"compId":1594}]},{"type":"Image","props":{"skin":"UI/LuckyBoxUI/vedioIcon.png","name":"video","centerY":0,"centerX":0},"compId":1595}]}]},{"type":"Image","props":{"y":791,"x":161,"skin":"UI/LuckyBoxUI/btn_no.png","name":"btn_close","centerX":0},"compId":48}]},{"type":"Script","props":{"runtime":"script/UI/LuckyBoxUI.ts"},"compId":78}]},{"type":"Image","props":{"presetID":1,"zOrder":100,"y":0,"x":0,"width":600,"visible":false,"var":"Tips","skin":"UI/tipsdi.png","name":"Tips","isPresetRoot":true,"height":100,"centerX":0,"bottom":200},"compId":1634,"child":[{"type":"Label","props":{"presetID":2,"wordWrap":true,"width":524,"valign":"middle","text":"00","name":"txt","height":100,"fontSize":30,"font":"Arial","color":"#ffffff","centerY":0,"centerX":0,"align":"center"},"compId":1635}]},{"type":"Script","props":{"runtime":"script/UI/GameUICtrl.ts"},"compId":1598}],"loadList":["UI/startUI/coinShow.png","UI/startUI/add_video.png","UI/startUI/tilibase.png","UI/startUI/tilism.png","UI/startUI/audioOn.png","UI/startUI/vibrationOff.png","UI/startUI/startBtn.png","UI/startUI/storeBtn.png","UI/startUI/newSkin.png","UI/startUI/taskBtn.png","UI/startUI/point.png","UI/startUI/turnTable.png","UI/startUI/shareBtn.png","UI/startUI/infinite.png","UI/startUI/new.png","UI/startUI/balance.png","UI/startUI/happyball.png","UI/fightUI/rewardlv.png","UI/fightUI/proBot_boss.png","UI/fightUI/proTop_boss.png","UI/fightUI/logo_bosslv.png","UI/fightUI/lvProBot.png","UI/fightUI/lvproTop.png","UI/fightUI/lvBg.png","UI/fightUI/ballStateCom.png","UI/fightUI/sdfsa.png","UI/fightUI/scoreDelete.png","UI/bg.png","UI/relifeUI/title2.png","UI/relifeUI/cry.png","UI/relifeUI/relifeTimeBg.png","UI/relifeUI/relifeTime.png","UI/relifeUI/isRelife.png","UI/relifeUI/check.png","UI/relifeUI/isNotRelife.png","UI/relifeUI/relifeBtn_Ad.png","UI/relifeUI/closeBtn.png","UI/relifeUI/notRelife.png","UI/relifeUI/justRelife.png","UI/relifeUI/relifeBtn_Record.png","UI/passUI/finish.png","UI/relifeUI/laugh.png","UI/passUI/erturnMain.png","UI/passUI/nextLv.png","UI/passUI/five_Ad.png","UI/passUI/share.png","UI/passUI/coinTwp.png","UI/passUI/coinLogo.png","UI/passUI/coinShow.png","UI/passUI/Bg9.png","UI/bg_di.png","UI/passUI/skinSS.png","SkinUI/ballSkin20.png","UI/passUI/pro_skin.png","UI/passUI/pro_skin1.png","UI/passUI/hint2.png","UI/SuperStartUI/ljsy.png","UI/passUI/two_Ad.png","UI/passUI/shuangb.png","UI/passUI/gou.png","UI/passUI/one_P.png","UI/passUI/closeBtn.png","UI/passUI/conGrats.png","UI/overUI/over.png","UI/overUI/erturnMain.png","UI/overUI/cry.png","UI/overUI/restart.png","UI/overUI/five_Ad.png","UI/overUI/share.png","UI/overUI/coinTwp.png","UI/overUI/coinLogo.png","UI/overUI/coinShow.png","UI/overUI/add_video.png","UI/overUI/rankBg.png","UI/overUI/share2.png","UI/overUI/again.png","UI/overUI/bcb.png","UI/Bg_Store.png","UI/storeUI/closeBtn.png","UI/storeUI/select.png","UI/storeUI/kuang_has.png","UI/storeUI/ballShadow.png","SkinUI/ballSkin1.png","UI/storeUI/skinLo.png","UI/storeUI/skinLo1.png","UI/storeUI/coin_Store.png","UI/storeUI/coinLogo.png","UI/storeUI/use_store.png","UI/storeUI/ad_store.png","UI/storeUI/Shop.png","UI/storeUI/coinShow.png","UI/trySkinUI/skinBg.png","UI/trySkinUI/ballShadow.png","SkinUI/ballSkin9.png","UI/trySkinUI/skinTry.png","UI/trySkinUI/hint3.png","UI/trySkinUI/gou.png","UI/trySkinUI/ad_store.png","UI/trySkinUI/closeBtn.png","UI/trySkinUI/tryBtn_Y.png","UI/trySkinUI/start_ad.png","UI/trySkinUI/start_noVideo.png","UI/trySkinUI/Start Bonus.png","UI/boxUI/boxBg.png","UI/boxUI/box.png","UI/boxUI/getBtn_Ad_Box.png","UI/boxUI/closeBtn.png","UI/boxUI/boxContext.png","UI/boxUI/coinLogo.png","UI/boxUI/getBtn_R.png","UI/boxUI/getBtn_Colse.png","UI/boxUI/shuangb.png","UI/boxUI/gou.png","UI/SuperStartUI/icon_bg.png","UI/SuperStartUI/icon.png","UI/SuperStartUI/btn_video.png","UI/turnTableUI/closeBtn.png","UI/turnTableUI/tbBg.png","UI/turnTableUI/pointer.png","UI/turnTableUI/2left.png","UI/turnTableUI/barbg.png","UI/turnTableUI/bar50.png","UI/turnTableUI/iswatchvideo.png","UI/turnTableUI/check.png","UI/turnTableUI/freeturn.png","UI/turnTableUI/skip.png","UI/turnTableUI/Lottery.png","UI/boxUI/skinBg.png","UI/boxUI/hint.png","UI/boxUI/get.png","comp/button.png","UI/signInUI/closeBtn.png","UI/signInUI/day1.png","UI/signInUI/day2.png","UI/signInUI/day3.png","UI/signInUI/day4.png","UI/signInUI/day5.png","UI/signInUI/day6.png","UI/signInUI/day7.png","UI/signInUI/dayMask1.png","UI/signInUI/dayMask2.png","UI/signInUI/doubleBtn.png","UI/signInUI/doubleBtn_G.png","UI/signInUI/getRewardBtn.png","UI/signInUI/Sign-in.png","UI/taskUI/bg.png","UI/taskUI/closeBtn.png","UI/taskUI/task1.png","UI/taskUI/get.png","UI/taskUI/taskProBot.png","UI/taskUI/taskProTop.png","UI/taskUI/Daily Tasks.png","UI/highEnergyUI/title.png","UI/highEnergyUI/video.png","UI/highEnergyUI/videoBox.png","UI/highEnergyUI/run.png","UI/highEnergyUI/checkBtn.png","UI/highEnergyUI/check.png","UI/highEnergyUI/coin.png","UI/highEnergyUI/shareBtn.png","UI/highEnergyUI/closeBtn.png","UI/limitSkinUI/bg.png","comp/image.png","UI/limitSkinUI/backBtn.png","UI/limitSkinUI/title.png","UI/limitSkinUI/hint2.png","UI/limitSkinUI/light.png","UI/limitSkinUI/table.png","UI/limitSkinUI/hint.png","UI/limitSkinUI/proTop.png","UI/limitSkinUI/proBot.png","UI/limitSkinUI/adBtn.png","UI/limitSkinUI/cancel.png","SkinUI/ballSkin13.png","UI/giftUI/closeBtn.png","UI/giftUI/title.png","UI/giftUI/boxBot.png","UI/giftUI/boxTop.png","UI/giftUI/coin.png","UI/giftUI/proBot.png","UI/giftUI/proTop.png","UI/giftUI/clickBtn.png","UI/giftUI/checkBtn.png","UI/giftUI/check.png","UI/giftUI/getBtn.png","UI/goldEggUI/goldEggBg.png","UI/goldEggUI/egg.png","UI/goldEggUI/hammer.png","UI/goldEggUI/barBg.png","UI/goldEggUI/bar.png","UI/goldEggUI/theQuickerTheMore.png","UI/goldEggUI/breakEgg.png","UI/goldEggUI/videoReward.png","UI/LuckyBoxUI/bg.png","UI/LuckyBoxUI/title.png","UI/LuckyBoxUI/box_bg.png","UI/LuckyBoxUI/box_close.png","UI/LuckyBoxUI/coin.png","UI/LuckyBoxUI/num.png","UI/LuckyBoxUI/ballSkin9.png","UI/LuckyBoxUI/xianding.png","UI/LuckyBoxUI/vedioIcon.png","UI/LuckyBoxUI/btn_no.png","GameScenes/Tips.prefab"],"loadList3D":[]}