{"type":"View","props":{"zOrder":12,"width":750,"top":0,"right":0,"left":0,"height":1334,"bottom":0,"autoDestroyAtClosed":true},"compId":2,"child":[{"type":"Image","props":{"top":0,"skin":"UI/bg.png","right":0,"name":"dark","left":0,"bottom":0},"compId":3},{"type":"Image","props":{"y":667,"x":375,"skin":"UI/infinitePower/base.png","name":"base","centerY":0,"centerX":0,"anchorY":0.5,"anchorX":0.5},"compId":4,"child":[{"type":"Image","props":{"y":75,"skin":"UI/infinitePower/title.png","name":"title","centerX":0,"anchorY":0.5,"anchorX":0.5},"compId":5},{"type":"Image","props":{"y":156,"x":295,"skin":"UI/infinitePower/tip.png","name":"tip","centerX":0,"anchorY":0.5,"anchorX":0.5},"compId":6},{"type":"Image","props":{"y":360,"skin":"UI/infinitePower/iocns.png","name":"icon","centerX":0,"anchorY":0.5,"anchorX":0.5},"compId":7},{"type":"Button","props":{"y":624,"stateNum":1,"skin":"UI/infinitePower/noty.png","runtime":"script/UIExpand/BtnScaleExpand.ts","name":"closeBtn","centerX":-145,"anchorY":0.5,"anchorX":0.5},"compId":8},{"type":"Button","props":{"y":624,"stateNum":1,"skin":"UI/infinitePower/video.png","runtime":"script/UIExpand/BtnBreathExpand.ts","name":"addBtn","centerX":145,"anchorY":0.5,"anchorX":0.5},"compId":9},{"type":"Label","props":{"y":504,"valign":"middle","text":"进度:1/3","right":34,"name":"rate","fontSize":32,"color":"#000000","bold":true,"align":"center"},"compId":10}]},{"type":"Script","props":{"runtime":"script/UI/BaseInfinitePowerCtrl.ts"},"compId":11}],"loadList":["UI/bg.png","UI/infinitePower/base.png","UI/infinitePower/title.png","UI/infinitePower/tip.png","UI/infinitePower/iocns.png","UI/infinitePower/noty.png","UI/infinitePower/video.png"],"loadList3D":[]}