{"type":"View","props":{"zOrder":50,"width":750,"top":0,"right":0,"name":"LoadScene","mouseThrough":false,"left":0,"height":1334,"bottom":0,"autoDestroyAtClosed":true},"compId":2,"child":[{"type":"Image","props":{"width":750,"skin":"UI/loadUI/loadBG1.png","name":"loadUIPanel","mouseThrough":false,"height":1670,"centerY":0,"centerX":0},"compId":3,"child":[{"type":"Box","props":{"top":0,"right":0,"mouseThrough":false,"left":0,"bottom":0},"compId":6,"child":[{"type":"Image","props":{"width":498,"skin":"UI/loadUI/title.png","name":"title","height":264,"centerY":-400,"centerX":0},"compId":12},{"type":"Image","props":{"skin":"UI/loadUI/cloud.png","name":"cloudImg","centerY":100,"centerX":0},"compId":7},{"type":"Image","props":{"skin":"UI/loadUI/loadProBot.png","scaleY":0.8,"scaleX":0.9,"name":"loadProBot","centerY":440,"centerX":0},"compId":8,"child":[{"type":"Panel","props":{"width":600,"top":3,"name":"loadProTop","left":3},"compId":13,"child":[{"type":"Image","props":{"skin":"UI/loadUI/loadProTop.png","scaleY":0.95,"scaleX":0.99},"compId":14}]}]},{"type":"Label","props":{"width":400,"valign":"middle","text":"Loading...0%","name":"loadProHint","height":40,"fontSize":25,"color":"#ffffff","centerY":490,"centerX":0,"align":"center"},"compId":10},{"type":"Image","props":{"visible":false,"top":50,"skin":"UI/loadUI/cadpa.png","scaleY":0.2,"scaleX":0.2,"left":50,"anchorY":0.5,"anchorX":0.5},"compId":17}]},{"type":"Script","props":{"runtime":"script/UI/LoadUICtrl.ts"},"compId":11}]}],"loadList":["UI/loadUI/loadBG1.png","UI/loadUI/title.png","UI/loadUI/cloud.png","UI/loadUI/loadProBot.png","UI/loadUI/loadProTop.png","UI/loadUI/cadpa.png"],"loadList3D":[]}