{"type":"View","props":{"y":0,"x":0,"width":750,"top":0,"right":0,"name":"FallGameScene","left":0,"height":1334,"bottom":0},"compId":2,"child":[{"type":"Image","props":{"zOrder":20,"width":750,"name":"startUI","height":1670,"centerY":0,"centerX":0,"alpha":1},"compId":4,"child":[{"type":"Image","props":{"top":0,"skin":"UI/storeUI/bg.png","right":0,"name":"base","left":0,"bottom":0,"alpha":0.5},"compId":920},{"type":"Box","props":{"y":0,"x":0,"top":0,"right":0,"name":"startUIBox","left":0,"bottom":0},"compId":3,"child":[{"type":"Image","props":{"skin":"UI/startUI/coinShow.png","name":"coinBg","left":30,"centerY":-600},"compId":898,"child":[{"type":"Button","props":{"y":32,"x":188,"stateNum":1,"skin":"UI/startUI/add_video.png","runtime":"script/UIExpand/BtnScaleExpand.ts","name":"add","centerY":0,"anchorY":0.5,"anchorX":0.5},"compId":899},{"type":"Label","props":{"width":99,"valign":"middle","text":"1000","name":"coinTxt","left":64,"height":50,"fontSize":24,"color":"#ffffff","centerY":0,"bold":true,"align":"center"},"compId":900}]},{"type":"Button","props":{"x":375,"stateNum":1,"skin":"UI/startUI/startBtn.png","runtime":"script/UIExpand/BtnScaleExpand.ts","name":"downModeBtn","centerY":-100,"centerX":0,"anchorY":0.5,"anchorX":0.5},"compId":7},{"type":"Button","props":{"stateNum":1,"skin":"UI/startUI/tzms.png","runtime":"script/UIExpand/BtnBreathExpand.ts","name":"upModeBtn","centerY":230,"centerX":0,"anchorY":0.5,"anchorX":0.5},"compId":8,"child":[{"type":"Image","props":{"top":-40,"skin":"UI/startUI/new.png","scaleY":1.1,"scaleX":1.1,"right":-20},"compId":1604}]},{"type":"Button","props":{"x":615,"width":140,"visible":false,"stateNum":1,"skin":"UI/startUI/shareBtn.png","runtime":"script/UIExpand/BtnScaleExpand.ts","name":"shareBtn","height":140,"centerY":70,"centerX":240,"anchorY":0.5,"anchorX":0.5},"compId":23},{"type":"Button","props":{"width":104,"stateNum":1,"skin":"UI/startUI/audioOn.png","runtime":"script/UIExpand/BtnScaleExpand.ts","name":"audioBtn","left":25,"height":104,"centerY":-500,"anchorY":0.5,"anchorX":0.5},"compId":25},{"type":"Button","props":{"width":90,"visible":false,"stateNum":1,"skin":"UI/startUI/vibrationOn.png","runtime":"script/UIExpand/BtnScaleExpand.ts","name":"vibrateBtn","left":135,"height":90,"centerY":-500,"anchorY":0.5,"anchorX":0.5},"compId":931},{"type":"Button","props":{"width":124,"stateNum":1,"skin":"UI/startUI/storeBtn.png","runtime":"script/UIExpand/BtnScaleExpand.ts","name":"storeBtn","height":124,"centerY":70,"centerX":-200,"anchorY":0.5,"anchorX":0.5},"compId":27,"child":[{"type":"Image","props":{"y":-36.5,"x":-8,"skin":"UI/startUI/newSkin.png","name":"new"},"compId":1597}]},{"type":"Button","props":{"x":375,"visible":true,"stateNum":1,"skin":"UI/startUI/duizhanqiuqiu.png","runtime":"script/UIExpand/BtnBreathExpand.ts","name":"starkModel","centerY":370,"centerX":0,"anchorY":0.5,"anchorX":0.5},"compId":927,"child":[{"type":"Image","props":{"top":-40,"skin":"UI/startUI/new.png","scaleY":1.1,"scaleX":1.1,"right":-20},"compId":1603}]},{"type":"Button","props":{"width":124,"stateNum":1,"skin":"UI/startUI/taskBtn.png","runtime":"script/UIExpand/BtnScaleExpand.ts","name":"taskBtn","height":124,"centerY":70,"centerX":0,"anchorY":0.5,"anchorX":0.5},"compId":1598,"child":[{"type":"Image","props":{"x":88,"width":36,"visible":false,"top":0,"skin":"UI/startUI/point.png","height":36},"compId":1602}]},{"type":"Button","props":{"width":124,"stateNum":1,"skin":"UI/startUI/turnTable.png","runtime":"script/UIExpand/BtnScaleExpand.ts","name":"tableBtn","height":124,"centerY":62,"centerX":200,"anchorY":0.5,"anchorX":0.5},"compId":1600},{"type":"Image","props":{"y":0,"x":0,"skin":"UI/startUI/tilibase.png","name":"powerShowimg","left":270,"centerY":-600},"compId":1605,"child":[{"type":"Image","props":{"y":33,"x":10,"skin":"UI/startUI/tilism.png","name":"power","anchorY":0.5,"anchorX":0.5},"compId":1601},{"type":"Button","props":{"y":39,"x":155,"stateNum":1,"skin":"UI/startUI/add_video.png","runtime":"script/UIExpand/BtnScaleExpand.ts","name":"addBtn","centerY":0,"anchorY":0.5,"anchorX":0.5},"compId":1608},{"type":"Label","props":{"y":597,"width":93,"valign":"middle","text":"3/2","name":"powerNum","left":35,"height":60,"fontSize":32,"color":"#fffdfd","centerY":0,"bold":true,"align":"center"},"compId":1609},{"type":"Label","props":{"width":138,"valign":"middle","text":"99:99","name":"time","height":39,"fontSize":32,"color":"#fffdfd","centerY":50,"centerX":0,"bold":false,"align":"center"},"compId":1606},{"type":"Script","props":{"runtime":"script/UI/BasePowerShowingCtrl.ts"},"compId":1607}]}]},{"type":"Script","props":{"runtime":"script/UI/FallStartUICtrl.ts"},"compId":915}]},{"type":"Image","props":{"zOrder":20,"width":750,"visible":false,"name":"overUI","height":1670,"centerY":0,"centerX":0},"compId":9,"child":[{"type":"Image","props":{"top":0,"skin":"UI/storeUI/bg.png","right":0,"name":"base","left":0,"bottom":0,"alpha":0.5},"compId":921},{"type":"Box","props":{"top":0,"right":0,"name":"overUIBox","left":0,"bottom":0},"compId":11,"child":[{"type":"Button","props":{"width":110,"stateNum":2,"skin":"UI/overUI/backRank.png","runtime":"script/UIExpand/BtnScaleExpand.ts","pivotY":55,"pivotX":55,"name":"returnGameReadyBtn","left":30,"height":110,"centerY":-370},"compId":18},{"type":"Image","props":{"width":280,"valign":"middle","text":"历史最高分","skin":"UI/overUI/title.png","name":"title","height":157,"fontSize":70,"color":"#ffffff","centerY":-370,"centerX":0,"align":"center"},"compId":29},{"type":"Label","props":{"width":400,"valign":"middle","text":"666888","name":"currScoreTxt","height":80,"fontSize":70,"color":"#ffffff","centerY":-95,"centerX":0,"bold":true,"align":"center"},"compId":897},{"type":"Button","props":{"width":484,"visible":false,"stateNum":1,"skin":"UI/overUI/getReward_LP.png","runtime":"script/UIExpand/BtnScaleExpand.ts","pivotY":57,"pivotX":242,"name":"showoffBtn","height":114,"centerY":0,"centerX":0},"compId":32},{"type":"Button","props":{"width":364,"stateNum":1,"skin":"UI/overUI/restart2.png","runtime":"script/UIExpand/BtnScaleExpand.ts","pivotY":57,"pivotX":182,"name":"restartBtn","height":114,"centerY":210,"centerX":0},"compId":10},{"type":"Image","props":{"y":0,"skin":"UI/startUI/tilibase.png","name":"powerShowimg","left":30,"centerY":-600},"compId":1610,"child":[{"type":"Image","props":{"y":33,"x":10,"skin":"UI/startUI/tilism.png","name":"power","anchorY":0.5,"anchorX":0.5},"compId":1611},{"type":"Button","props":{"y":39,"x":155,"stateNum":1,"skin":"UI/startUI/add_video.png","runtime":"script/UIExpand/BtnScaleExpand.ts","name":"addBtn","centerY":0,"anchorY":0.5,"anchorX":0.5},"compId":1612},{"type":"Label","props":{"y":597,"width":93,"valign":"middle","text":"3/2","name":"powerNum","left":35,"height":60,"fontSize":32,"color":"#fffdfd","centerY":0,"bold":true,"align":"center"},"compId":1613},{"type":"Label","props":{"width":138,"valign":"middle","text":"99:99","name":"time","height":39,"fontSize":32,"color":"#fffdfd","centerY":50,"centerX":0,"bold":false,"align":"center"},"compId":1614},{"type":"Script","props":{"runtime":"script/UI/BasePowerShowingCtrl.ts"},"compId":1615}]}]},{"type":"Script","props":{"runtime":"script/UI/FallGameoverUICtrl.ts"},"compId":916}]},{"type":"Image","props":{"zOrder":20,"width":750,"visible":false,"name":"relifeUI","height":1670,"centerY":0,"centerX":0},"compId":12,"child":[{"type":"Image","props":{"top":0,"skin":"UI/storeUI/bg.png","right":0,"name":"base","left":0,"bottom":0,"alpha":0.5},"compId":922},{"type":"Box","props":{"top":0,"right":0,"left":0,"bottom":0},"compId":13,"child":[{"type":"Image","props":{"skin":"UI/relifeUI/title2.png","name":"title","centerY":-450,"centerX":0},"compId":901},{"type":"Button","props":{"stateNum":1,"skin":"UI/relifeUI/relifeBtn_Ad.png","runtime":"script/UIExpand/BtnBreathExpand.ts","name":"relifeBtn","centerY":102,"centerX":1,"anchorY":0.5,"anchorX":0.5},"compId":14},{"type":"Button","props":{"width":413,"visible":false,"stateNum":1,"skin":"UI/relifeUI/relifeBtn_Coin.png","runtime":"script/UIExpand/BtnBreathExpand.ts","pivotY":73,"pivotX":207,"name":"relifeBtn_Coin","height":145,"centerY":7,"centerX":0},"compId":15},{"type":"Image","props":{"width":98,"valign":"middle","text":"本次得分","skin":"UI/relifeUI/score.png","pivotY":12,"pivotX":49,"name":"scoreHIntImg","height":23,"fontSize":60,"font":"方正粗圆简体","color":"#ffffff","centerY":-205,"centerX":0,"align":"center"},"compId":35},{"type":"Label","props":{"width":400,"valign":"middle","text":"666888","name":"scoreLabel","height":100,"fontSize":70,"color":"#ffffff","centerY":-255,"centerX":0,"bold":true,"align":"center"},"compId":36},{"type":"Button","props":{"x":198,"width":354,"stateNum":1,"skin":"UI/relifeUI/closeBtn.png","name":"skipBtn","height":104,"centerY":301},"compId":39}]},{"type":"Script","props":{"runtime":"script/UI/FallRelifeUICtrl.ts"},"compId":917}]},{"type":"Image","props":{"zOrder":10,"width":750,"visible":false,"top":0,"name":"fightUI","left":0,"bottom":0},"compId":19,"child":[{"type":"Box","props":{"top":0,"right":0,"left":0,"bottom":0},"compId":20,"child":[{"type":"Label","props":{"width":400,"valign":"middle","top":80,"text":"999999","name":"scoreLabel","height":160,"fontSize":90,"font":"方正粗圆简体","color":"#ffffff","centerX":0,"bold":true,"align":"center"},"compId":21},{"type":"Label","props":{"width":400,"valign":"middle","name":"hintTxt1","height":160,"fontSize":60,"font":"方正粗圆简体","color":"#fbf06e","centerY":-100,"centerX":0,"bold":true,"align":"center"},"compId":846},{"type":"Image","props":{"visible":false,"top":250,"skin":"UI/fightUI/course1.png","name":"couseBg","centerX":0},"compId":431,"child":[{"type":"Image","props":{"top":100,"skin":"UI/fightUI/couseh.png","name":"couseH","centerX":-190},"compId":432,"child":[{"type":"Script","props":{"runtime":"script/UIExpand/CourseHExpand.ts"},"compId":433}]}]}]},{"type":"Script","props":{"runtime":"script/UI/FallFightUICtrl.ts"},"compId":918}]},{"type":"Image","props":{"zOrder":50,"width":750,"visible":false,"name":"storeUIPanel","height":1670,"centerY":0,"centerX":0},"compId":914,"child":[{"type":"Image","props":{"skin":"UI/storeUI/bg.png","name":"base","alpha":0.5},"compId":923},{"type":"Box","props":{"zOrder":10,"top":0,"right":0,"name":"storeUIBox","left":0,"bottom":0},"compId":506,"child":[{"type":"Image","props":{"width":590,"skin":"UI/Bg_Store.png","scaleY":1.1,"scaleX":1.1,"name":"storeBg","height":1037,"centerY":40,"centerX":0},"compId":507,"child":[{"type":"Button","props":{"top":25,"stateNum":1,"skin":"UI/storeUI/closeBtn.png","right":25,"name":"closeBtn"},"compId":509},{"type":"List","props":{"width":530,"top":120,"spaceY":15,"spaceX":25,"repeatY":4,"repeatX":3,"name":"skinList","height":715,"elasticEnabled":true,"centerX":0},"compId":515,"child":[{"type":"Box","props":{"width":160,"renderType":"render","height":160},"compId":514,"child":[{"type":"Image","props":{"top":0,"skin":"UI/storeUI/select.png","right":0,"name":"selectItem","left":0,"bottom":0},"compId":512},{"type":"Image","props":{"top":0,"skin":"UI/storeUI/kuang_has.png","right":0,"name":"skinItem","left":0,"bottom":0},"compId":510},{"type":"Image","props":{"x":80,"width":70,"visible":false,"skin":"UI/storeUI/ballShadow.png","scaleY":1,"scaleX":1,"pivotY":16,"pivotX":35,"name":"ballShadow","height":32,"centerY":45,"centerX":0},"compId":513},{"type":"Image","props":{"skin":"Skin/skin1.png","name":"skinImg","centerY":-5,"centerX":0},"compId":511},{"type":"Image","props":{"width":54,"skin":"UI/storeUI/skinLo.png","right":0,"name":"skinSSign","height":36,"bottom":0},"compId":640},{"type":"Script","props":{"runtime":"script/UIExpand/FallSkinItemClick.ts"},"compId":925}]}]},{"type":"Button","props":{"width":268,"stateNum":1,"skin":"UI/storeUI/coin_Store.png","name":"buyBtn","height":118,"centerX":-146,"bottom":50,"anchorY":59,"anchorX":134},"compId":516,"child":[{"type":"Image","props":{"width":50,"skin":"UI/coinLogo.png","left":40,"height":50,"centerY":0},"compId":519},{"type":"Label","props":{"width":150,"valign":"middle","text":"10000","name":"coinLabel","left":95,"height":80,"fontSize":50,"color":"#ffffff","centerY":0,"bold":true,"align":"left"},"compId":518}]},{"type":"Button","props":{"width":268,"stateNum":1,"skin":"UI/storeUI/use_store.png","name":"useBtn","height":118,"centerX":12,"bottom":50},"compId":520},{"type":"Image","props":{"width":268,"skin":"UI/storeUI/coin_Store.png","name":"speSkinHint","height":118,"disabled":true,"centerX":-146,"bottom":50},"compId":614,"child":[{"type":"Label","props":{"width":268,"valign":"middle","text":"完成 a/50 关","height":118,"fontSize":30,"color":"#ffffff","centerY":0,"centerX":0,"bold":true,"align":"center"},"compId":613}]},{"type":"Button","props":{"width":268,"stateNum":1,"skin":"UI/storeUI/ad_store.png","pivotY":59,"pivotX":134,"name":"otherBtn","height":118,"centerX":146,"bottom":50},"compId":517},{"type":"Button","props":{"y":17,"x":30,"width":150,"visible":false,"stateNum":1,"skin":"UI/storeUI/select.png","name":"getCoin_Test","labelSize":40,"label":"+1000","height":80},"compId":538},{"type":"Image","props":{"y":17,"x":200.5,"skin":"UI/storeUI/Shop.png"},"compId":1711}]},{"type":"Image","props":{"x":10,"skin":"UI/startUI/coinShow.png","name":"coinShowImg","left":30,"centerY":-600},"compId":928,"child":[{"type":"Button","props":{"y":32,"x":188,"stateNum":1,"skin":"UI/startUI/add_video.png","runtime":"script/UIExpand/BtnScaleExpand.ts","name":"add","centerY":0,"anchorY":0.5,"anchorX":0.5},"compId":929},{"type":"Label","props":{"width":99,"valign":"middle","text":"1000","name":"coinTxt","left":64,"height":50,"fontSize":24,"color":"#ffffff","centerY":0,"bold":true,"align":"center"},"compId":930}]}]},{"type":"Script","props":{"runtime":"script/UI/FallStoreUICtrl.ts"},"compId":919}]},{"type":"Image","props":{"zOrder":50,"y":667,"x":375,"width":750,"visible":false,"skin":"UI/bg.png","name":"LuckyBoxUI","height":1670,"centerY":0,"centerX":0,"anchorY":0.5,"anchorX":0.5},"compId":932,"child":[{"type":"Image","props":{"x":80,"skin":"UI/LuckyBoxUI/bg.png","name":"bg","centerY":-86,"centerX":0},"compId":1501,"child":[{"type":"Image","props":{"y":34,"x":166,"skin":"UI/LuckyBoxUI/title.png","name":"title","centerX":0},"compId":46},{"type":"Image","props":{"y":157,"x":39,"width":512,"name":"nineBox","height":596},"compId":79,"child":[{"type":"Image","props":{"width":164,"skin":"UI/LuckyBoxUI/box_bg.png","name":"box1","height":192,"centerY":-202,"centerX":-174},"compId":1506,"child":[{"type":"Image","props":{"y":120,"skin":"UI/LuckyBoxUI/box_close.png","scaleY":1,"scaleX":1,"name":"close","centerY":0,"centerX":0,"anchorY":0.5,"anchorX":0.5},"compId":1507},{"type":"Image","props":{"y":-45,"x":-59,"name":"open","centerY":0,"centerX":0},"compId":1508,"child":[{"type":"Image","props":{"y":-31,"x":-31,"skin":"UI/LuckyBoxUI/coin.png","name":"coin","centerY":0,"centerX":0},"compId":1509},{"type":"FontClip","props":{"y":43,"x":-26,"value":"50","skin":"UI/LuckyBoxUI/num.png","sheet":"0123456789","name":"num","centerY":60,"centerX":0},"compId":1510}]},{"type":"Image","props":{"name":"bigReward","centerY":0,"centerX":0},"compId":1511,"child":[{"type":"Image","props":{"skin":"Skin/skin9.png","name":"icon","centerY":-23,"centerX":0},"compId":1512},{"type":"Image","props":{"skin":"UI/LuckyBoxUI/xianding.png","scaleY":0.7,"scaleX":0.7,"name":"info","centerY":66,"centerX":0},"compId":1513}]},{"type":"Image","props":{"skin":"UI/LuckyBoxUI/vedioIcon.png","name":"video","centerY":0,"centerX":0},"compId":1514}]},{"type":"Image","props":{"width":164,"skin":"UI/LuckyBoxUI/box_bg.png","name":"box2","height":192,"centerY":-202,"centerX":0},"compId":92,"child":[{"type":"Image","props":{"y":120,"skin":"UI/LuckyBoxUI/box_close.png","scaleY":1,"scaleX":1,"name":"close","centerY":0,"centerX":0,"anchorY":0.5,"anchorX":0.5},"compId":93},{"type":"Image","props":{"y":-45,"x":-59,"name":"open","centerY":0,"centerX":0},"compId":94,"child":[{"type":"Image","props":{"y":-31,"x":-31,"skin":"UI/LuckyBoxUI/coin.png","name":"coin","centerY":0,"centerX":0},"compId":95},{"type":"FontClip","props":{"y":43,"x":-26,"value":"50","skin":"UI/LuckyBoxUI/num.png","sheet":"0123456789","name":"num","centerY":60,"centerX":0},"compId":96}]},{"type":"Image","props":{"name":"bigReward","centerY":0,"centerX":0},"compId":1502,"child":[{"type":"Image","props":{"skin":"Skin/skin9.png","name":"icon","centerY":-23,"centerX":0},"compId":1503},{"type":"Image","props":{"skin":"UI/LuckyBoxUI/xianding.png","scaleY":0.7,"scaleX":0.7,"name":"info","centerY":66,"centerX":0},"compId":1505}]},{"type":"Image","props":{"skin":"UI/LuckyBoxUI/vedioIcon.png","name":"video","centerY":0,"centerX":0},"compId":97}]},{"type":"Image","props":{"width":164,"skin":"UI/LuckyBoxUI/box_bg.png","name":"box3","height":192,"centerY":-202,"centerX":174},"compId":1515,"child":[{"type":"Image","props":{"y":120,"skin":"UI/LuckyBoxUI/box_close.png","scaleY":1,"scaleX":1,"name":"close","centerY":0,"centerX":0,"anchorY":0.5,"anchorX":0.5},"compId":1516},{"type":"Image","props":{"y":-45,"x":-59,"name":"open","centerY":0,"centerX":0},"compId":1517,"child":[{"type":"Image","props":{"y":-31,"x":-31,"skin":"UI/LuckyBoxUI/coin.png","name":"coin","centerY":0,"centerX":0},"compId":1518},{"type":"FontClip","props":{"y":43,"x":-26,"value":"50","skin":"UI/LuckyBoxUI/num.png","sheet":"0123456789","name":"num","centerY":60,"centerX":0},"compId":1519}]},{"type":"Image","props":{"name":"bigReward","centerY":0,"centerX":0},"compId":1520,"child":[{"type":"Image","props":{"skin":"Skin/skin9.png","name":"icon","centerY":-23,"centerX":0},"compId":1521},{"type":"Image","props":{"skin":"UI/LuckyBoxUI/xianding.png","scaleY":0.7,"scaleX":0.7,"name":"info","centerY":66,"centerX":0},"compId":1522}]},{"type":"Image","props":{"skin":"UI/LuckyBoxUI/vedioIcon.png","name":"video","centerY":0,"centerX":0},"compId":1523}]},{"type":"Image","props":{"y":0,"width":164,"skin":"UI/LuckyBoxUI/box_bg.png","name":"box4","height":192,"centerY":0,"centerX":-174},"compId":1524,"child":[{"type":"Image","props":{"y":120,"skin":"UI/LuckyBoxUI/box_close.png","scaleY":1,"scaleX":1,"name":"close","centerY":0,"centerX":0,"anchorY":0.5,"anchorX":0.5},"compId":1525},{"type":"Image","props":{"y":-45,"x":-59,"name":"open","centerY":0,"centerX":0},"compId":1526,"child":[{"type":"Image","props":{"y":-31,"x":-31,"skin":"UI/LuckyBoxUI/coin.png","name":"coin","centerY":0,"centerX":0},"compId":1527},{"type":"FontClip","props":{"y":43,"x":-26,"value":"50","skin":"UI/LuckyBoxUI/num.png","sheet":"0123456789","name":"num","centerY":60,"centerX":0},"compId":1528}]},{"type":"Image","props":{"name":"bigReward","centerY":0,"centerX":0},"compId":1529,"child":[{"type":"Image","props":{"skin":"Skin/skin9.png","name":"icon","centerY":-23,"centerX":0},"compId":1530},{"type":"Image","props":{"skin":"UI/LuckyBoxUI/xianding.png","scaleY":0.7,"scaleX":0.7,"name":"info","centerY":66,"centerX":0},"compId":1531}]},{"type":"Image","props":{"skin":"UI/LuckyBoxUI/vedioIcon.png","name":"video","centerY":0,"centerX":0},"compId":1532}]},{"type":"Image","props":{"y":0,"x":0,"width":164,"skin":"UI/LuckyBoxUI/box_bg.png","name":"box5","height":192,"centerY":0,"centerX":0},"compId":1533,"child":[{"type":"Image","props":{"y":120,"skin":"UI/LuckyBoxUI/box_close.png","scaleY":1,"scaleX":1,"name":"close","centerY":0,"centerX":0,"anchorY":0.5,"anchorX":0.5},"compId":1534},{"type":"Image","props":{"y":-45,"x":-59,"name":"open","centerY":0,"centerX":0},"compId":1535,"child":[{"type":"Image","props":{"y":-31,"x":-31,"skin":"UI/LuckyBoxUI/coin.png","name":"coin","centerY":0,"centerX":0},"compId":1536},{"type":"FontClip","props":{"y":43,"x":-26,"value":"50","skin":"UI/LuckyBoxUI/num.png","sheet":"0123456789","name":"num","centerY":60,"centerX":0},"compId":1537}]},{"type":"Image","props":{"name":"bigReward","centerY":0,"centerX":0},"compId":1538,"child":[{"type":"Image","props":{"skin":"Skin/skin9.png","name":"icon","centerY":-23,"centerX":0},"compId":1539},{"type":"Image","props":{"skin":"UI/LuckyBoxUI/xianding.png","scaleY":0.7,"scaleX":0.7,"name":"info","centerY":66,"centerX":0},"compId":1540}]},{"type":"Image","props":{"skin":"UI/LuckyBoxUI/vedioIcon.png","name":"video","centerY":0,"centerX":0},"compId":1541}]},{"type":"Image","props":{"y":0,"width":164,"skin":"UI/LuckyBoxUI/box_bg.png","name":"box6","height":192,"centerY":0,"centerX":174},"compId":1542,"child":[{"type":"Image","props":{"y":120,"skin":"UI/LuckyBoxUI/box_close.png","scaleY":1,"scaleX":1,"name":"close","centerY":0,"centerX":0,"anchorY":0.5,"anchorX":0.5},"compId":1543},{"type":"Image","props":{"y":-45,"x":-59,"name":"open","centerY":0,"centerX":0},"compId":1544,"child":[{"type":"Image","props":{"y":-31,"x":-31,"skin":"UI/LuckyBoxUI/coin.png","name":"coin","centerY":0,"centerX":0},"compId":1545},{"type":"FontClip","props":{"y":43,"x":-26,"value":"50","skin":"UI/LuckyBoxUI/num.png","sheet":"0123456789","name":"num","centerY":60,"centerX":0},"compId":1546}]},{"type":"Image","props":{"name":"bigReward","centerY":0,"centerX":0},"compId":1547,"child":[{"type":"Image","props":{"skin":"Skin/skin9.png","name":"icon","centerY":-23,"centerX":0},"compId":1548},{"type":"Image","props":{"skin":"UI/LuckyBoxUI/xianding.png","scaleY":0.7,"scaleX":0.7,"name":"info","centerY":66,"centerX":0},"compId":1549}]},{"type":"Image","props":{"skin":"UI/LuckyBoxUI/vedioIcon.png","name":"video","centerY":0,"centerX":0},"compId":1550}]},{"type":"Image","props":{"width":164,"skin":"UI/LuckyBoxUI/box_bg.png","name":"box7","height":192,"centerY":202,"centerX":-174},"compId":1569,"child":[{"type":"Image","props":{"y":120,"skin":"UI/LuckyBoxUI/box_close.png","scaleY":1,"scaleX":1,"name":"close","centerY":0,"centerX":0,"anchorY":0.5,"anchorX":0.5},"compId":1570},{"type":"Image","props":{"y":-45,"x":-59,"name":"open","centerY":0,"centerX":0},"compId":1571,"child":[{"type":"Image","props":{"y":-31,"x":-31,"skin":"UI/LuckyBoxUI/coin.png","name":"coin","centerY":0,"centerX":0},"compId":1572},{"type":"FontClip","props":{"y":43,"x":-26,"value":"50","skin":"UI/LuckyBoxUI/num.png","sheet":"0123456789","name":"num","centerY":60,"centerX":0},"compId":1573}]},{"type":"Image","props":{"name":"bigReward","centerY":0,"centerX":0},"compId":1574,"child":[{"type":"Image","props":{"skin":"Skin/skin9.png","name":"icon","centerY":-23,"centerX":0},"compId":1575},{"type":"Image","props":{"skin":"UI/LuckyBoxUI/xianding.png","scaleY":0.7,"scaleX":0.7,"name":"info","centerY":66,"centerX":0},"compId":1576}]},{"type":"Image","props":{"skin":"UI/LuckyBoxUI/vedioIcon.png","name":"video","centerY":0,"centerX":0},"compId":1577}]},{"type":"Image","props":{"x":0,"width":164,"skin":"UI/LuckyBoxUI/box_bg.png","name":"box8","height":192,"centerY":202,"centerX":0},"compId":1578,"child":[{"type":"Image","props":{"y":120,"skin":"UI/LuckyBoxUI/box_close.png","scaleY":1,"scaleX":1,"name":"close","centerY":0,"centerX":0,"anchorY":0.5,"anchorX":0.5},"compId":1579},{"type":"Image","props":{"y":-45,"x":-59,"name":"open","centerY":0,"centerX":0},"compId":1580,"child":[{"type":"Image","props":{"y":-31,"x":-31,"skin":"UI/LuckyBoxUI/coin.png","name":"coin","centerY":0,"centerX":0},"compId":1581},{"type":"FontClip","props":{"y":43,"x":-26,"value":"50","skin":"UI/LuckyBoxUI/num.png","sheet":"0123456789","name":"num","centerY":60,"centerX":0},"compId":1582}]},{"type":"Image","props":{"name":"bigReward","centerY":0,"centerX":0},"compId":1583,"child":[{"type":"Image","props":{"skin":"Skin/skin9.png","name":"icon","centerY":-23,"centerX":0},"compId":1584},{"type":"Image","props":{"skin":"UI/LuckyBoxUI/xianding.png","scaleY":0.7,"scaleX":0.7,"name":"info","centerY":66,"centerX":0},"compId":1585}]},{"type":"Image","props":{"skin":"UI/LuckyBoxUI/vedioIcon.png","name":"video","centerY":0,"centerX":0},"compId":1586}]},{"type":"Image","props":{"width":164,"skin":"UI/LuckyBoxUI/box_bg.png","name":"box9","height":192,"centerY":202,"centerX":174},"compId":1587,"child":[{"type":"Image","props":{"y":120,"skin":"UI/LuckyBoxUI/box_close.png","scaleY":1,"scaleX":1,"name":"close","centerY":0,"centerX":0,"anchorY":0.5,"anchorX":0.5},"compId":1588},{"type":"Image","props":{"y":-45,"x":-59,"name":"open","centerY":0,"centerX":0},"compId":1589,"child":[{"type":"Image","props":{"y":-31,"x":-31,"skin":"UI/LuckyBoxUI/coin.png","name":"coin","centerY":0,"centerX":0},"compId":1590},{"type":"FontClip","props":{"y":43,"x":-26,"value":"50","skin":"UI/LuckyBoxUI/num.png","sheet":"0123456789","name":"num","centerY":60,"centerX":0},"compId":1591}]},{"type":"Image","props":{"name":"bigReward","centerY":0,"centerX":0},"compId":1592,"child":[{"type":"Image","props":{"skin":"Skin/skin9.png","name":"icon","centerY":-23,"centerX":0},"compId":1593},{"type":"Image","props":{"skin":"UI/LuckyBoxUI/xianding.png","scaleY":0.7,"scaleX":0.7,"name":"info","centerY":66,"centerX":0},"compId":1594}]},{"type":"Image","props":{"skin":"UI/LuckyBoxUI/vedioIcon.png","name":"video","centerY":0,"centerX":0},"compId":1595}]}]},{"type":"Image","props":{"y":790,"x":161,"skin":"UI/LuckyBoxUI/btn_no.png","name":"btn_close","centerX":0},"compId":48}]},{"type":"Script","props":{"runtime":"script/UI/FallLuckyBoxUI.ts"},"compId":1596}]},{"type":"Image","props":{"zOrder":30,"y":0,"x":0,"width":750,"visible":false,"skin":"UI/bg.png","name":"signInUI","height":1670,"centerY":0,"centerX":0},"compId":1616,"child":[{"type":"Box","props":{"top":0,"styleSkin":"comp/button.png","right":0,"left":0,"label":"label","bottom":0},"compId":1166,"child":[{"type":"Image","props":{"x":375,"width":590,"skin":"UI/bg_di.png","pivotY":455,"pivotX":295,"name":"signInBg","height":910,"centerY":-80,"centerX":0},"compId":1167,"child":[{"type":"Button","props":{"width":80,"top":20,"stateNum":1,"skin":"UI/signInUI/closeBtn.png","right":20,"pivotY":40,"pivotX":40,"name":"closeBtn","height":80},"compId":1168},{"type":"Box","props":{"width":510,"top":120,"height":615,"centerX":0},"compId":1169,"child":[{"type":"Image","props":{"width":164,"top":0,"skin":"UI/signInUI/day1.png","left":0,"height":192},"compId":1170},{"type":"Image","props":{"y":0,"width":164,"top":0,"skin":"UI/signInUI/day2.png","height":192,"centerX":0},"compId":1171},{"type":"Image","props":{"y":0,"width":164,"top":0,"skin":"UI/signInUI/day3.png","right":0,"height":192},"compId":1172},{"type":"Image","props":{"y":212,"x":0,"width":164,"skin":"UI/signInUI/day4.png","left":0,"height":192,"centerY":0},"compId":1175},{"type":"Image","props":{"width":164,"skin":"UI/signInUI/day5.png","height":192,"centerY":0,"centerX":0},"compId":1173},{"type":"Image","props":{"y":212,"width":164,"skin":"UI/signInUI/day6.png","right":0,"height":192,"centerY":0},"compId":1176},{"type":"Image","props":{"width":512,"skin":"UI/signInUI/day7.png","height":192,"centerX":0,"bottom":0},"compId":1174}]},{"type":"Image","props":{"width":164,"top":120,"skin":"UI/signInUI/dayMask1.png","name":"day1","left":40,"height":192},"compId":1177},{"type":"Image","props":{"x":0,"width":164,"top":120,"skin":"UI/signInUI/dayMask1.png","name":"day2","height":192,"centerX":0},"compId":1178},{"type":"Image","props":{"width":164,"top":120,"skin":"UI/signInUI/dayMask1.png","right":40,"name":"day3","height":192},"compId":1179},{"type":"Image","props":{"width":164,"top":332,"skin":"UI/signInUI/dayMask1.png","name":"day4","left":40,"height":192},"compId":1180},{"type":"Image","props":{"x":0,"width":164,"top":332,"skin":"UI/signInUI/dayMask1.png","name":"day5","height":192,"centerX":0},"compId":1181},{"type":"Image","props":{"width":164,"top":332,"skin":"UI/signInUI/dayMask1.png","right":40,"name":"day6","height":192},"compId":1182},{"type":"Image","props":{"x":0,"width":512,"top":542,"skin":"UI/signInUI/dayMask2.png","name":"day7","height":192,"centerX":0},"compId":1183},{"type":"Button","props":{"width":268,"stateNum":1,"skin":"UI/passUI/two_Ad.png","runtime":"script/UIExpand/BtnBreathExpand.ts","pivotY":59,"pivotX":134,"name":"mainBtn","height":118,"centerX":0,"bottom":45},"compId":1184},{"type":"Button","props":{"width":190,"visible":false,"stateNum":1,"skin":"UI/signInUI/doubleBtn.png","pivotY":21,"pivotX":95,"name":"doubleBtn","height":41,"centerX":0,"bottom":5},"compId":1185,"child":[{"type":"Image","props":{"skin":"UI/signInUI/doubleBtn_G.png","name":"doubleBtn_G","left":5,"centerY":0},"compId":1186}]},{"type":"Button","props":{"y":931,"x":295,"stateNum":1,"skin":"UI/signInUI/getRewardBtn.png","pivotY":59,"pivotX":134,"name":"downBtn","centerX":0,"bottom":-80},"compId":1439},{"type":"Image","props":{"y":23.5,"x":177,"skin":"UI/signInUI/Sign-in.png"},"compId":1710}]}]},{"type":"Script","props":{"runtime":"script/UI/FallSignInUICtrl.ts"},"compId":1622}]},{"type":"Image","props":{"zOrder":20,"y":0,"x":0,"width":750,"visible":false,"skin":"UI/bg.png","name":"taskUI","height":1670,"centerY":0,"centerX":0},"compId":1617,"child":[{"type":"Box","props":{"top":0,"right":0,"left":0,"bottom":0},"compId":1189,"child":[{"type":"Image","props":{"width":600,"skin":"UI/taskUI/bg.png","pivotY":405,"pivotX":300,"name":"taskBg","height":810,"centerY":-50,"centerX":0},"compId":1190,"child":[{"type":"Button","props":{"width":80,"top":18,"stateNum":1,"skin":"UI/taskUI/closeBtn.png","right":9,"pivotY":40,"pivotX":40,"name":"closeBtn","height":80},"compId":1191},{"type":"List","props":{"width":552,"spaceY":50,"spaceX":0,"repeatY":5,"repeatX":1,"name":"taskList","height":650,"elasticEnabled":true,"centerX":0,"bottom":35},"compId":1206,"child":[{"type":"Box","props":{"y":0,"x":0,"width":552,"renderType":"render","height":122},"compId":1193,"child":[{"type":"Image","props":{"y":0,"x":0,"width":552,"skin":"UI/taskUI/task1.png","name":"taskItem","height":122},"compId":1192},{"type":"Button","props":{"width":116,"stateNum":1,"skin":"UI/taskUI/get.png","right":20,"pivotY":27,"pivotX":58,"name":"getRewardBtn","height":54,"centerY":0},"compId":1194,"child":[{"type":"Script","props":{"runtime":"script/UIExpand/FallTaskBtnExpand.ts"},"compId":1621}]},{"type":"Image","props":{"width":285,"skin":"UI/taskUI/taskProBot.png","pivotY":22,"name":"taskProBot","left":20,"height":44,"bottom":15},"compId":1195},{"type":"Panel","props":{"y":90,"x":279,"width":273,"name":"taskProTop","left":26,"height":32,"bottom":21},"compId":1204,"child":[{"type":"Image","props":{"width":273,"skin":"UI/taskUI/taskProTop.png","pivotY":16,"name":"taskProTop","left":0,"height":32,"centerY":0},"compId":1203}]},{"type":"Label","props":{"width":250,"valign":"middle","text":"3/8","name":"taskProTxt","left":37,"height":32,"fontSize":20,"color":"#ffffff","bottom":21,"align":"center"},"compId":1205}]}]},{"type":"Image","props":{"y":26,"x":97,"skin":"UI/taskUI/Daily Tasks.png"},"compId":1623}]}]},{"type":"Script","props":{"runtime":"script/UI/FallTaskUICtrl.ts"},"compId":1618}]},{"type":"Image","props":{"zOrder":30,"y":0,"x":0,"width":750,"visible":false,"skin":"UI/bg.png","name":"turnTableUI","height":1670,"centerY":0,"centerX":0},"compId":1619,"child":[{"type":"Box","props":{"top":0,"right":0,"left":0,"bottom":0},"compId":1148,"child":[{"type":"Image","props":{"skin":"UI/Bg_Store.png","pivotY":430,"pivotX":295,"name":"turnTableBg","centerY":-50,"centerX":0},"compId":1149,"child":[{"type":"Button","props":{"width":80,"visible":false,"top":20,"stateNum":1,"skin":"UI/turnTableUI/closeBtn.png","right":20,"pivotY":40,"pivotX":40,"name":"closeBtn","height":80},"compId":1150},{"type":"Image","props":{"x":295,"width":542,"skin":"UI/turnTableUI/tbBg.png","pivotY":271,"pivotX":271,"name":"tableImg","height":542,"centerY":-80,"centerX":0},"compId":1151},{"type":"Image","props":{"x":296,"width":147,"skin":"UI/turnTableUI/pointer.png","pivotY":83,"pivotX":74,"name":"pointer","height":166,"centerY":-80,"centerX":0},"compId":1152},{"type":"Image","props":{"skin":"UI/turnTableUI/2left.png","name":"textImage","centerY":215,"centerX":0},"compId":1313},{"type":"Image","props":{"zOrder":-10,"skin":"UI/turnTableUI/barbg.png","name":"barBg","centerY":272,"centerX":0},"compId":1314,"child":[{"type":"Image","props":{"y":6,"x":6,"skin":"UI/turnTableUI/bar50.png","name":"bar"},"compId":1315}]},{"type":"Button","props":{"stateNum":1,"skin":"UI/turnTableUI/iswatchvideo.png","scaleY":0.9,"scaleX":0.9,"name":"upBtn","centerY":290,"centerX":0},"compId":1311,"child":[{"type":"Image","props":{"y":5,"x":3,"skin":"UI/turnTableUI/check.png","name":"check"},"compId":1312}]},{"type":"Button","props":{"width":298,"stateNum":1,"skin":"UI/turnTableUI/turnagain.png","pivotY":52,"pivotX":149,"name":"mainBtn","height":104,"centerX":0,"bottom":30},"compId":1153},{"type":"Button","props":{"zOrder":10,"visible":false,"stateNum":1,"skin":"UI/turnTableUI/skip.png","name":"skipBtn","centerX":0,"bottom":30},"compId":1300},{"type":"Image","props":{"y":27,"x":170,"skin":"UI/turnTableUI/Lottery.png"},"compId":1712}]}]},{"type":"Script","props":{"runtime":"script/UI/FallTurnTableUICtrl.ts"},"compId":1620}]},{"type":"Image","props":{"y":1034,"x":75,"presetID":1,"zOrder":100,"width":600,"visible":false,"var":"Tips","skin":"UI/tipsdi.png","name":"Tips","isPresetRoot":true,"height":100,"centerX":0,"bottom":200},"compId":1713,"child":[{"type":"Label","props":{"presetID":2,"wordWrap":true,"width":524,"valign":"middle","text":"00","name":"txt","height":100,"fontSize":30,"font":"Arial","color":"#ffffff","centerY":0,"centerX":0,"align":"center"},"compId":1635}]},{"type":"Script","props":{"y":0,"x":0,"runtime":"script/UI/FallGameUICtrl.ts"},"compId":926}],"loadList":["UI/storeUI/bg.png","UI/startUI/coinShow.png","UI/startUI/add_video.png","UI/startUI/startBtn.png","UI/startUI/tzms.png","UI/startUI/new.png","UI/startUI/shareBtn.png","UI/startUI/audioOn.png","UI/startUI/vibrationOn.png","UI/startUI/storeBtn.png","UI/startUI/newSkin.png","UI/startUI/duizhanqiuqiu.png","UI/startUI/taskBtn.png","UI/startUI/point.png","UI/startUI/turnTable.png","UI/startUI/tilibase.png","UI/startUI/tilism.png","UI/overUI/backRank.png","UI/overUI/title.png","UI/overUI/getReward_LP.png","UI/overUI/restart2.png","UI/relifeUI/title2.png","UI/relifeUI/relifeBtn_Ad.png","UI/relifeUI/relifeBtn_Coin.png","UI/relifeUI/score.png","UI/relifeUI/closeBtn.png","UI/fightUI/course1.png","UI/fightUI/couseh.png","UI/Bg_Store.png","UI/storeUI/closeBtn.png","UI/storeUI/select.png","UI/storeUI/kuang_has.png","UI/storeUI/ballShadow.png","Skin/skin1.png","UI/storeUI/skinLo.png","UI/storeUI/coin_Store.png","UI/coinLogo.png","UI/storeUI/use_store.png","UI/storeUI/ad_store.png","UI/storeUI/Shop.png","UI/bg.png","UI/LuckyBoxUI/bg.png","UI/LuckyBoxUI/title.png","UI/LuckyBoxUI/box_bg.png","UI/LuckyBoxUI/box_close.png","UI/LuckyBoxUI/coin.png","UI/LuckyBoxUI/num.png","Skin/skin9.png","UI/LuckyBoxUI/xianding.png","UI/LuckyBoxUI/vedioIcon.png","UI/LuckyBoxUI/btn_no.png","comp/button.png","UI/bg_di.png","UI/signInUI/closeBtn.png","UI/signInUI/day1.png","UI/signInUI/day2.png","UI/signInUI/day3.png","UI/signInUI/day4.png","UI/signInUI/day5.png","UI/signInUI/day6.png","UI/signInUI/day7.png","UI/signInUI/dayMask1.png","UI/signInUI/dayMask2.png","UI/passUI/two_Ad.png","UI/signInUI/doubleBtn.png","UI/signInUI/doubleBtn_G.png","UI/signInUI/getRewardBtn.png","UI/signInUI/Sign-in.png","UI/taskUI/bg.png","UI/taskUI/closeBtn.png","UI/taskUI/task1.png","UI/taskUI/get.png","UI/taskUI/taskProBot.png","UI/taskUI/taskProTop.png","UI/taskUI/Daily Tasks.png","UI/turnTableUI/closeBtn.png","UI/turnTableUI/tbBg.png","UI/turnTableUI/pointer.png","UI/turnTableUI/2left.png","UI/turnTableUI/barbg.png","UI/turnTableUI/bar50.png","UI/turnTableUI/iswatchvideo.png","UI/turnTableUI/check.png","UI/turnTableUI/turnagain.png","UI/turnTableUI/skip.png","UI/turnTableUI/Lottery.png","GameScenes/Tips.prefab"],"loadList3D":[]}