{"currUseIndex":0,"skinData":[{"isOwn":true,"skinUrl":"Skin/skin1.png","skinName":"小蓝","coin":0,"state":"3","isSpecial":false,"speType":1,"speCount":0},{"isOwn":false,"skinUrl":"Skin/skin2.png","skinName":"小绿","coin":4000,"state":"1","isSpecial":false,"speType":1,"speCount":0},{"isOwn":false,"skinUrl":"Skin/skin3.png","skinName":"小黄","coin":4000,"state":"1","isSpecial":false,"speType":1,"speCount":0},{"isOwn":false,"skinUrl":"Skin/skin4.png","skinName":"小红","coin":4000,"state":"1","isSpecial":false,"speType":1,"speCount":0},{"isOwn":false,"skinUrl":"Skin/skin5.png","skinName":"小紫","coin":4000,"state":"1","isSpecial":false,"speType":1,"speCount":0},{"isOwn":false,"skinUrl":"Skin/skin6.png","skinName":"条纹","coin":6000,"state":"1","isSpecial":false,"speType":1,"speCount":0},{"isOwn":false,"skinUrl":"Skin/skin7.png","skinName":"方格","coin":6000,"state":"1","isSpecial":false,"speType":1,"speCount":0},{"isOwn":false,"skinUrl":"Skin/skin8.png","skinName":"菱形","coin":6000,"state":"1","isSpecial":false,"speType":1,"speCount":0},{"isOwn":false,"skinUrl":"Skin/skin9.png","skinName":"土星","coin":8000,"state":"1","isSpecial":true,"speType":6,"speCount":0},{"isOwn":false,"skinUrl":"Skin/skin10.png","skinName":"黑八","coin":8000,"state":"1","isSpecial":false,"speType":1,"speCount":0},{"isOwn":false,"skinUrl":"Skin/skin11.png","skinName":"西瓜","coin":10000,"state":"1","isSpecial":false,"speType":1,"speCount":0},{"isOwn":false,"skinUrl":"Skin/skin12.png","skinName":"篮球","coin":10000,"state":"1","isSpecial":false,"speType":1,"speCount":0},{"isOwn":false,"skinUrl":"Skin/skin13.png","skinName":"足球","coin":12000,"state":"1","isSpecial":false,"speType":0,"speCount":0},{"isOwn":false,"skinUrl":"Skin/skin14.png","skinName":"草莓","coin":13000,"state":"1","isSpecial":false,"speType":1,"speCount":0}]}