{"subPackage/res/atlas/comp.atlas":["comp/",["blank.png","btn_close.png","button.png","checkbox.png","clip_num.png","clip_selectBox.png","clip_tree_arrow.png","clip_tree_folder.png","combobox.png","hscroll$bar.png","hscroll$down.png","hscroll$up.png","hscroll.png","hslider$bar.png","hslider.png","html.png","image.png","img_bg.png","linkbutton.png","progress$bar.png","progress.png","radio.png","radiogroup.png","tab.png","textarea.png","textinput.png","vscroll$bar.png","vscroll$down.png","vscroll$up.png","vscroll.png","vslider$bar.png","vslider.png"]],"subPackage/res/atlas/GameBoxUI.atlas":["GameBoxUI/",["boundle.png","boundle2.png","box.png","gameIcon0.png","gameIcon1.png","gameIcon10.png","gameIcon2.png","gameIcon3.png","gameIcon4.png","gameIcon5.png","gameIcon6.png","gameIcon7.png","gameIcon8.png","gameIcon9.png","gylItemBg.png","icon.png","iconBox.png","iconBox1.png","iconBtnType3.png","ocBtn.png","ocBtn1.png","point.png","type2.png","ze.png"]],"subPackage/res/atlas/Skin.atlas":["Skin/",["skin1.png","skin10.png","skin11.png","skin12.png","skin13.png","skin14.png","skin2.png","skin3.png","skin4.png","skin5.png","skin6.png","skin7.png","skin8.png","skin9.png"]],"subPackage/res/atlas/SkinUI.atlas":["SkinUI/",["ballSkin1.png","ballSkin10.png","ballSkin11.png","ballSkin12.png","ballSkin13.png","ballSkin14.png","ballSkin15.png","ballSkin16.png","ballSkin17.png","ballSkin18.png","ballSkin19.png","ballSkin2.png","ballSkin20.png","ballSkin3.png","ballSkin4.png","ballSkin5.png","ballSkin6.png","ballSkin7.png","ballSkin8.png","ballSkin9.png"]],"subPackage/res/atlas/UI/boxUI.atlas":["UI/boxUI/",["box.png","boxContext.png","closeBtn.png","coinLogo.png","get.png","getBtn_Ad_Box.png","getBtn_Box.png","getBtn_Colse.png","getBtn_R.png","gou.png","hint.png","one_P.png","shuangb.png","skinBg.png"]],"subPackage/res/atlas/UI/fightUI.atlas":["UI/fightUI/",["ballStateCom.png","ballStateWU.png","course1.png","course2.png","couseh.png","logo_bosslv.png","lvBg.png","lvProBot.png","lvproTop.png","proBot_boss.png","proTop_boss.png","rewardlv.png","scoreDelete.png","sdfsa.png"]],"subPackage/res/atlas/UI/giftUI.atlas":["UI/giftUI/",["boxBot.png","boxTop.png","check.png","checkBtn.png","clickBtn.png","closeBtn.png","coin.png","getBtn.png","getBtn_Original.png","proBot.png","proTop.png","title.png"]],"subPackage/res/atlas/UI/goldEggUI.atlas":["UI/goldEggUI/",["bar.png","barBg.png","breakEgg.png","egg.png","hammer.png","noThanks.png","theQuickerTheMore.png","videoReward.png"]],"subPackage/res/atlas/UI/highEnergyUI.atlas":["UI/highEnergyUI/",["check.png","checkBtn.png","closeBtn.png","coin.png","run.png","shareBtn.png","title.png","video.png"]],"subPackage/res/atlas/UI/infinitePower.atlas":["UI/infinitePower/",["iocns.png","noty.png","title.png","video.png"]],"subPackage/res/atlas/UI/limitSkinUI.atlas":["UI/limitSkinUI/",["adBtn.png","backBtn.png","cancel.png","hint2.png","limitSkin.png","proBot.png","proTop.png","table.png"]],"subPackage/res/atlas/UI/loadUI.atlas":["UI/loadUI/",["cadpa.png"]],"subPackage/res/atlas/UI/LuckyBoxUI.atlas":["UI/LuckyBoxUI/",["100.png","200.png","500.png","ballSkin9.png","box_bg.png","box_close.png","btn_no.png","coin.png","num.png","title.png","vedioIcon.png","xianding.png"]],"subPackage/res/atlas/UI/overUI.atlas":["UI/overUI/",[".png","add_video.png","again.png","backRank.png","bcb.png","coinLogo.png","coinShow.png","coinTwp.png","erturnMain.png","five_Ad.png","getReward_LP.png","newSkin.png","over.png","restart.png","restart2.png","share.png","share2.png","storeBtn.png","title.png"]],"subPackage/res/atlas/UI/passUI.atlas":["UI/passUI/",[".png","add_video.png","closeBtn.png","coinLogo.png","coinShow.png","coinTwp.png","conGrats.png","erturnMain.png","finish.png","five_Ad.png","gou.png","newSkin.png","nextLv.png","one_P.png","pro_skin.png","pro_skin1.png","share.png","shuangb.png","skinSS.png","storeBtn.png","two_Ad.png"]],"subPackage/res/atlas/UI/relifeUI.atlas":["UI/relifeUI/",["backRank.png","check.png","closeBtn.png","closeBtn1.png","isNotRelife.png","isRelife.png","justRelife.png","notRelife.png","relifeBtn_Ad.png","relifeBtn_Ad1.png","relifeBtn_Coin.png","relifeBtn_LP.png","relifeBtn_Record.png","relifeNow.png","relifeTime.png","relifeTimeBg.png","score.png","title.png","title2.png","原地复活.png"]],"subPackage/res/atlas/UI/signInUI.atlas":["UI/signInUI/",["Sign-in.png","closeBtn.png","day1.png","day2.png","day3.png","day4.png","day5.png","day6.png","day7.png","dayMask1.png","dayMask2.png","doubleBtn.png","doubleBtn_G.png","getRewardBtn.png","getRewardBtn_Ad.png"]],"subPackage/res/atlas/UI/skinOnTrialUI.atlas":["UI/skinOnTrialUI/",["ad_store.png","ballShadow.png","check.png","checkBtn_Ad.png","checkBtn_Com.png","closeBtn.png","tryBtn_No.png","tryBtn_Yes.png"]],"subPackage/res/atlas/UI/startUI.atlas":["UI/startUI/",["adIcon.png","add_video.png","audioOff.png","audioOff2.png","audioOn.png","audioOn2.png","balance.png","coinBg.png","coinShow.png","duizhanqiuqiu.png","happyball.png","hard.png","infinite.png","new.png","newSkin.png","point.png","shareBtn.png","shareBtn2.png","startBtn.png","storeBtn.png","taskBtn.png","tilibase.png","tilism.png","turnTable.png","tzms.png","vibrationOff.png","vibrationOn.png"]],"subPackage/res/atlas/UI/storeUI.atlas":["UI/storeUI/",["Shop.png","adIcon.png","ad_store.png","b_J.png","backRank.png","ballShadow.png","circle.png","circleB.png","closeBtn.png","coin.png","coinBg.png","coinHint.png","coinLogo.png","coinShow.png","coin_Store.png","getReward_Ad.png","getReward_S.png","getSkin.png","kaung_try.png","kuang_No.png","kuang_has.png","r_J.png","select.png","showOff_Store.png","skinBox1.png","skinBox2.png","skinBox_S.png","skinLo.png","skinLo1.png","skinS.png","tryBtn_store.png","use_store.png","using_Store.png"]],"subPackage/res/atlas/UI/SuperStartUI.atlas":["UI/SuperStartUI/",["btn_video.png","icon.png","icon_bg.png","ljsy.png"]],"subPackage/res/atlas/UI/taskUI.atlas":["UI/taskUI/",["Daily Tasks.png","closeBtn.png","get.png","get_Ad.png","got.png","taskProBot.png","taskProTop.png"]],"subPackage/res/atlas/UI/trySkinUI.atlas":["UI/trySkinUI/",["Start Bonus.png","ad_store.png","ad_store_noSign.png","ballShadow.png","closeBtn.png","gou.png","gou1.png","hint.png","hint1.png","hint2.png","hint3.png","hitn.png","skinBg.png","skinTry.png","start_ad.png","start_noVideo.png","tryBtn_N.png","tryBtn_N1.png","tryBtn_Y.png","tryBtn_Y1.png","tryBtn_Y2.png"]],"subPackage/res/atlas/UI/turnTableUI.atlas":["UI/turnTableUI/",["2left.png","3left.png","4left.png","Lottery.png","bar0.png","bar100.png","bar25.png","bar50.png","bar75.png","barbg.png","check.png","closeBtn.png","freeturn.png","iswatchvideo.png","pointer.png","skip.png","turnagain.png","turnagain_noSign.png","turnnow.png","turnnow_noSign.png"]],"subPackage/res/atlas/UI.atlas":["UI/",["ad_store.png","b_J.png","ballShadow.png","close.png","closeBtn.png","coinLogo.png","coinShow.png","coin_Store.png","g_J.png","kaung_try.png","know.png","kuang_No.png","kuang_has.png","newSkin.png","r_J.png","select.png","showOff_Store.png","skinLo.png","skinS.png","tryBtn_store.png","two_Ad.png","two_S.png","use_store.png","using_Store.png"]]}