{"currUseIndex":0,"skinData":[{"isOwn":true,"isTime":false,"skinUrl":"SkinUI/ballSkin1.png","skinName":"小蓝","coin":0,"state":"3","isSpecial":false,"speType":1,"speCount":0},{"isOwn":false,"isTime":false,"skinUrl":"SkinUI/ballSkin2.png","skinName":"小绿","coin":4000,"state":"1","isSpecial":false,"speType":1,"speCount":0},{"isOwn":false,"isTime":false,"skinUrl":"SkinUI/ballSkin3.png","skinName":"小黄","coin":4000,"state":"1","isSpecial":false,"speType":1,"speCount":0},{"isOwn":false,"isTime":false,"skinUrl":"SkinUI/ballSkin4.png","skinName":"小红","coin":4000,"state":"1","isSpecial":false,"speType":1,"speCount":0},{"isOwn":false,"isTime":false,"skinUrl":"SkinUI/ballSkin5.png","skinName":"小紫","coin":4000,"state":"1","isSpecial":false,"speType":1,"speCount":0},{"isOwn":false,"isTime":false,"skinUrl":"SkinUI/ballSkin6.png","skinName":"条纹","coin":6000,"state":"1","isSpecial":false,"speType":1,"speCount":0},{"isOwn":false,"isTime":false,"skinUrl":"SkinUI/ballSkin7.png","skinName":"方格","coin":6000,"state":"1","isSpecial":true,"speType":6,"speCount":0},{"isOwn":false,"isTime":false,"skinUrl":"SkinUI/ballSkin8.png","skinName":"菱形","coin":6000,"state":"1","isSpecial":false,"speType":1,"speCount":0},{"isOwn":false,"isTime":false,"skinUrl":"SkinUI/ballSkin9.png","skinName":"土星","coin":8000,"state":"1","isSpecial":true,"speType":6,"speCount":0},{"isOwn":false,"isTime":false,"skinUrl":"SkinUI/ballSkin10.png","skinName":"黑八","coin":8000,"state":"1","isSpecial":true,"speType":6,"speCount":0},{"isOwn":false,"isTime":false,"skinUrl":"SkinUI/ballSkin11.png","skinName":"西瓜","coin":10000,"state":"1","isSpecial":true,"speType":6,"speCount":0},{"isOwn":false,"isTime":false,"skinUrl":"SkinUI/ballSkin12.png","skinName":"篮球","coin":10000,"state":"1","isSpecial":true,"speType":6,"speCount":0},{"isOwn":false,"isTime":false,"skinUrl":"SkinUI/ballSkin13.png","skinName":"足球","coin":12000,"state":"1","isSpecial":true,"speType":0,"speCount":0},{"isOwn":false,"isTime":false,"skinUrl":"SkinUI/ballSkin14.png","skinName":"草莓","coin":13000,"state":"1","isSpecial":true,"speType":1,"speCount":0},{"isOwn":false,"isTime":false,"skinUrl":"SkinUI/ballSkin15.png","skinName":"叉子","coin":14000,"state":"1","isSpecial":true,"speType":2,"speCount":0},{"isOwn":false,"isTime":false,"skinUrl":"SkinUI/ballSkin16.png","skinName":"铅笔","coin":16000,"state":"1","isSpecial":true,"speType":3,"speCount":0},{"isOwn":false,"isTime":false,"skinUrl":"SkinUI/ballSkin17.png","skinName":"匕首","coin":18000,"state":"1","isSpecial":true,"speType":4,"speCount":0},{"isOwn":false,"isTime":false,"skinUrl":"SkinUI/ballSkin18.png","skinName":"火箭","coin":20000,"state":"1","isSpecial":true,"speType":5,"speCount":0},{"isOwn":false,"isTime":false,"skinUrl":"SkinUI/ballSkin19.png","skinName":"香蕉","coin":20000,"state":"1","isSpecial":true,"speType":5,"speCount":0},{"isOwn":false,"isTime":false,"skinUrl":"SkinUI/ballSkin20.png","skinName":"锤子","coin":30000,"state":"1","isSpecial":true,"speType":5,"speCount":0}]}